date,temperature_c,temperature_8d_norm,precipitation,discharge,discharge_increase_2d_norm,exhaustion_index,TP,satp_tpc,raw_tpc
2022-04-03,-1.4821377999999754,0.5703363935213626,0.001348035,263.0,0.0,0.0021403975517237813,,0.2538847807962932,0.09975567576512086
2022-04-04,-2.5098797999999647,0.5548624057181,0.000645053,252.0,0.0,0.0031646067613749257,,0.23902882203209508,0.09629396745206138
2022-04-05,-3.1497973999999545,0.543281217233089,0.000972128,,0.0,0.004708142642240138,,,
2022-04-06,-1.8829326999999694,0.5470277679725847,2.05e-05,315.0,0.053389830508474574,0.004740692353345811,,0.3763772623320025,0.11580013714218565
2022-04-07,-0.9374831999999742,0.5549696854408859,0.00037961,519.0,0.0,0.005343433613483616,,0.49052769580327293,0.17497348963935228
2022-04-08,-1.6977025999999569,0.556448934306201,2.9e-05,326.0,0.009322033898305085,0.005389479546267253,,0.33741421440657193,0.11913294576833434
2022-04-09,-0.8770734999999945,0.5610357219721281,1.47e-05,,0.0,0.005412820070816199,,,
2022-04-10,0.8358175000000188,0.5709232612160203,0.001843057,319.0,0.0,0.008339208992830374,,0.31475516000972315,0.11701436622891577
2022-04-11,-2.3007724999999937,0.5678418596183605,0.000493223,315.0,0.0,0.009122343927497396,,0.3096426787861901,0.11580013714218565
2022-04-12,-1.2631900999999743,0.5725344919162167,0.000143778,307.0,0.0,0.009350633311075524,,0.2998958976674251,0.11336361061283405
2022-04-13,-0.22566329999995105,0.5835411490827295,0.000313554,311.0,0.0,0.009848491463076916,,0.3028844664578907,0.11458323208065788
2022-04-14,1.4962400000000002,0.5962606052168852,0.003609625,311.0,0.003389830508474576,0.015579820777702244,,0.29872728899142986,0.11458323208065788
2022-04-15,-2.338243699999964,0.5909880390251046,0.002762088,300.0,0.0,0.019965438653236366,,0.27752462214688256,0.11122261096109498
2022-04-16,-3.1497618999999872,0.585522380353518,0.001126482,300.0,0.0,0.021754056393028662,,0.276008320495575,0.11122261096109498
2022-04-17,-5.456610299999966,0.5682846649084472,0.000236255,274.0,0.0,0.022129179905090664,,0.2450641729859604,0.10319236725146402
2022-04-18,-7.124757699999975,0.5383204706963406,0.000279923,267.0,0.0,0.022573639065180107,,0.23784073936178673,0.10100821221447293
2022-04-19,-6.465078199999994,0.5226457158427739,5.88e-06,260.0,0.0,0.022582975274999688,,0.22952311690336868,0.09881410649473846
2022-04-20,-1.6899156999999718,0.5210394891025657,3.12e-05,242.0,0.0,0.022632514347511738,,0.20434073542033904,0.09312417050131562
2022-04-21,-0.6893573999999489,0.5192941101923322,0.001352358,224.0,0.0,0.02477977591880185,,0.17471473096545953,0.08736031698070294
2022-04-22,2.0568824000000063,0.5214044096788746,0.001055696,224.0,0.0,0.026456000300041648,,0.1725725936705529,0.08736031698070294
2022-04-23,1.0007313000000408,0.5339725586952131,0.004779486,216.0,0.0,0.03404482413094967,,0.14971773808497613,0.0847730833001639
2022-04-24,-0.7064244000000031,0.5431694618757424,0.003160892,227.0,0.002542372881355932,0.039063659322961214,,0.16353747268833807,0.08832637598239808
2022-04-25,-2.083804099999952,0.5558649540327159,0.002578787,227.0,0.009322033898305085,0.04315823355969625,,0.16543280473735722,0.08832637598239808
2022-04-26,-0.9207631999999535,0.5792172484861169,0.001741506,234.0,0.005932203389830509,0.04592338073963763,,0.16646997090207716,0.09057197424027172
2022-04-27,-4.746017999999992,0.5856879183059439,0.000718034,234.0,0.005932203389830509,0.04706346850861576,,0.1643120970234131,0.09057197424027172
2022-04-28,-1.8266348999999877,0.585173297118605,0.000781337,252.0,0.015254237288135594,0.048304068197697426,,0.20036517492684824,0.09629396745206138
2022-04-29,-4.779720199999986,0.5697768688131256,0.000190131,249.0,0.012711864406779662,0.048605956447562444,,0.19449495067696843,0.0953453571288891
2022-04-30,-7.375858599999958,0.5342713335753579,0.000145801,249.0,0.0,0.04883745793189993,,0.18251836281631517,0.0953453571288891
2022-05-01,-6.6807370999999875,0.505357718015045,1.66e-06,242.0,0.0,0.048840093664604095,,0.17432066373186883,0.09312417050131562
2022-05-02,-2.378832599999953,0.499062649775916,5.88e-05,227.0,0.0,0.048933455762799886,,0.1520039581685504,0.08832637598239808
2022-05-03,-0.5885293999999703,0.5046909744114586,2.62e-05,216.0,0.0,0.048975055881383726,,0.1340834932750412,0.0847730833001639
2022-05-04,2.2323769000000198,0.5165596271106229,1.82e-05,198.0,0.0,0.04900395367368242,,0.10242296819056707,0.07888970395949
2022-05-05,4.319203600000037,0.5506817921268122,3.14e-05,195.0,0.0,0.049053810304351596,,0.09376817397254689,0.07790031325487408
2022-05-06,5.731801000000019,0.579132304251534,0.000466077,191.0,0.0,0.04979384307035156,,0.08184958377142815,0.07657700695873461
2022-05-07,3.5979622000000404,0.6106665208343945,0.00539569,213.0,0.015254237288135594,0.05836106993453572,0.04575,0.12412880552508687,0.08379861233857233
2022-05-08,0.6089647000000014,0.6407219866894941,0.000299904,234.0,0.036440677966101696,0.05883725474231309,0.054833333,0.1768996541934733,0.09057197424027172
2022-05-09,4.327743200000043,0.6821587212723608,0.000951702,267.0,0.04576271186440678,0.06034835840859076,0.088333333,0.22392621490168674,0.10100821221447293
2022-05-10,0.2326872000000435,0.6919886750772016,0.002981201,281.0,0.03983050847457627,0.0650818818865394,0.12075,0.22744097225747728,0.10536686929600278
2022-05-11,1.95570680000003,0.7015653684320075,0.000454696,285.0,0.015254237288135594,0.06580384400560797,0.2146,0.19999305600303652,0.10660521689420217
2022-05-12,4.992249500000014,0.7119537331555856,0.001772163,292.0,0.009322033898305085,0.0686176680876648,0.26675,0.19513250944796923,0.10876511314181303
2022-05-13,2.3534453999999982,0.7045544738057283,0.003271801,285.0,0.0,0.07381260356792117,,0.17164861870074466,0.10660521689420217
2022-05-14,1.6956950000000006,0.6893622721109752,0.002165648,288.0,0.0,0.07725119950726661,,0.17659999336548093,0.10753199995104784
2022-05-15,0.3919238999999948,0.677294506672034,7.8e-05,288.0,0.002542372881355932,0.07737504718854672,,0.18293732649240768,0.10753199995104784
2022-05-16,5.244731999999999,0.694743877880704,0.002337836,292.0,0.003389830508474576,0.08108704164769039,0.244666667,0.1795454879587597,0.10876511314181303
2022-05-17,2.5676255000000197,0.6881186645922261,0.006262932,285.0,0.0,0.09103126736839684,0.1892,0.1567871753024348,0.10660521689420217
2022-05-18,2.2023958000000334,0.695532793540051,0.001500029,274.0,0.0,0.09341299959279359,0.165666667,0.13669583199438096,0.10319236725146402
2022-05-19,2.13409850000005,0.6962042731015566,0.003385433,274.0,0.0,0.09878835891560411,0.135333333,0.1300996450711036,0.10319236725146402
2022-05-20,-0.6936429999999518,0.6748021529206985,0.005205409,271.0,0.0,0.10705345936130539,0.113666667,0.12284762842197727,0.10225749978100897
2022-05-21,-1.6173703999999702,0.6598557083708497,0.000456766,267.0,0.0,0.10777870820730026,0.0955,0.12035878784608478,0.10100821221447293
2022-05-22,2.187123500000041,0.6617054816152964,0.002579379,256.0,0.0,0.11187422241618039,0.076,0.09930987996853169,0.09755574362401426
2022-05-23,2.8645283000000177,0.6710125475734585,0.002528247,263.0,0.0,0.11588854970660904,0.05525,0.10219177271384883,0.09975567576512086
2022-05-24,4.340703200000007,0.6676097162634124,0.001524689,271.0,0.012711864406779662,0.11830943685177975,0.139,0.1267859269791196,0.10225749978100897
2022-05-25,7.530245000000036,0.6862893833430962,0.006030814,285.0,0.01864406779661017,0.1278851077509044,0.1215,0.13632958338238454,0.10660521689420217
2022-05-26,4.3926592000000255,0.6945336968813024,0.008729076,285.0,0.011864406779661017,0.14174505419087877,0.086666667,0.10929525065077073,0.10660521689420217
2022-05-27,1.8222620000000234,0.6933599212163951,0.003298587,303.0,0.015254237288135594,0.14698252023511935,0.09,0.13098485285312877,0.11214123116091533
2022-05-28,2.2684527000000116,0.7045094686548321,0.0016866,323.0,0.03220338983050847,0.14966048817418426,0.101333333,0.168951281623817,0.1182259586716141
2022-05-29,5.830204200000026,0.7325426906415489,0.003584541,379.0,0.06440677966101695,0.1553519893447425,,0.25151977422508676,0.1349311440578802
2022-05-30,5.356580600000029,0.7444727617363285,0.006378056,371.0,0.04067796610169491,0.16547900789185527,,0.1980408500925659,0.1325723962153098
2022-05-31,5.831133300000033,0.7556392825136974,0.006354792,383.0,0.003389830508474576,0.17556908807413088,,0.14834417817411882,0.13610727365449127
2022-06-01,6.63377650000001,0.7642705801244274,0.003664566,,0.0,0.1813876522023102,,,
2022-06-02,6.952976000000035,0.7620976968849563,0.006736169,490.0,0.09067796610169492,0.19208327927104182,0.039,0.32763470827774155,0.1668514245784626
2022-06-03,6.501552900000036,0.7700357288502204,0.005669521,494.0,0.0,0.2010852924738493,,0.20790112991687426,0.16797656167444555
2022-06-04,6.11043920000003,0.7861767451974723,0.006385294,528.0,0.03220338983050847,0.21122380345066857,0.254,0.2521875457385052,0.17747796384660341
2022-06-05,6.206664799999999,0.8010004670075329,0.004364406,581.0,0.07372881355932204,0.21815356708227202,,0.32264832891124495,0.19208126997579839
2022-06-06,7.313528500000018,0.8065838094530307,0.005406824,703.0,0.1483050847457627,0.22673847240906353,,0.4740787195092251,0.22486085954989948
2022-06-07,6.575579400000038,0.8111722111538934,0.00414953,693.0,0.09491525423728814,0.23332705790781125,,0.3946295245444751,0.22221348902750074
2022-06-08,5.879054100000019,0.8113525885916945,0.005673567,639.0,0.0,0.2423354953121374,0.1895,0.23808801602517082,0.2078001313188519
2022-06-09,6.517670100000032,0.8109155555091017,0.002607473,634.0,0.0,0.24647561691534942,,0.230560368756342,0.20645511248745804
2022-06-10,5.784300900000005,0.8065165759394778,0.007319013,557.0,0.0,0.2580966783167481,0.168,0.16776295331544944,0.18549838899012114
2022-06-11,3.202705500000036,0.7940994701793685,0.001314763,538.0,0.0,0.26018424689345204,0.1425,0.1603345013736921,0.1802520519737393
2022-06-12,5.294053700000006,0.7910265347369714,0.001062511,561.0,0.003389830508474576,0.261871292068896,0.119333333,0.18167730498436052,0.1865988972833676
2022-06-13,7.8358608000000345,0.7971589490571813,0.002909491,538.0,0.0,0.26649095506960613,0.1372,0.15104402235807202,0.1802520519737393
2022-06-14,7.248477700000024,0.796914093031595,0.005800225,490.0,0.0,0.2757004988792603,0.113,0.10239172449111678,0.1668514245784626
2022-06-15,5.2122841000000335,0.7917825486254003,0.005539641,499.0,0.0,0.28449628981482844,0.101833333,0.10365710347239654,0.1693807653564598
2022-06-16,7.594670000000008,0.7982402538451158,0.003128828,494.0,0.003389830508474576,0.28946421408308914,0.1412,0.0933364174524649,0.16797656167444555
2022-06-17,5.191791800000033,0.7932495497961398,0.005836729,576.0,0.06525423728813559,0.29873171860758235,0.1575,0.22648413268479972,0.19071378719886445
2022-06-18,7.643339500000025,0.8002471086733178,0.007680729,648.0,0.13050847457627118,0.3109271093408006,0.287333333,0.3370726976523888,0.2102165817603818
2022-06-19,7.9243554000000245,0.8180197483445283,0.005562537,703.0,0.10762711864406779,0.3197592543341969,0.4414,0.31905269126516345,0.22486085954989948
2022-06-20,9.196499700000004,0.8327088439071527,0.00666179,804.0,0.13220338983050847,0.3303367831120832,0.522,0.38056254342619544,0.25125097581772227
2022-06-21,9.788989600000036,0.8400605652607126,0.004857395,809.0,0.08983050847457627,0.3380493101353098,0.720666667,0.3157748494632395,0.2525419161084672
2022-06-22,9.978659800000003,0.8503371727449075,0.002944648,916.0,0.09491525423728814,0.34272479509667086,0.5706,0.35837350098562126,0.2798519559725369
2022-06-23,11.30598230000004,0.873274303762119,0.003653453,982.0,0.14661016949152542,0.3485257141058493,0.68375,0.41734252401924143,0.2964191148676049
2022-06-24,11.510933600000044,0.8880154097937792,0.006256678,993.0,0.06525423728813559,0.3584600097829824,,0.28963936076588803,0.2991612282307493
2022-06-25,9.63241720000002,0.9047302524484675,0.006287823,1080.0,0.08305084745762711,0.3684437572041343,,0.3080914518017517,0.32066880025645944
2022-06-26,7.097214000000008,0.9026745956479156,0.000781863,1120.0,0.10762711864406779,0.3696851920711692,,0.35713662767587584,0.33045545762485967
2022-06-27,8.131035200000042,0.9034525537114133,0.001289736,1420.0,0.288135593220339,0.3717330230078808,,0.6765661082409427,0.4020826176178061
2022-06-28,7.768139100000042,0.8980760987005594,0.001640973,1280.0,0.13559322033898305,0.37433854481676915,,0.4534607258198058,0.36902141632943186
2022-06-29,7.4886481000000344,0.8894174430471125,0.002023724,1000.0,0.0,0.37755179513665305,,0.1891218274251929,0.30090346599968665
2022-06-30,8.543598300000042,0.8840157653527273,0.002902402,857.0,0.0,0.3821602022884838,,0.12393253222336087,0.2648660223100861
2022-07-01,7.206613800000014,0.8685854389259393,0.001723575,1000.0,0.0,0.38489687879184786,0.035,0.21204909031074726,0.30090346599968665
2022-07-02,8.09119430000004,0.8557132871070641,0.000772228,722.0,0.0,0.3861230152946631,,0.08499075028141556,0.22987298821068833
2022-07-03,9.125180900000032,0.853804012133488,0.001660905,673.0,0.0,0.38876018494949083,,0.053668909321654024,0.21689874075964197
2022-07-04,7.513642900000036,0.8553714813328411,0.000465244,590.0,0.0,0.3894988950857664,0.018,0.005,0.19453761534058883
2022-07-05,8.711613,0.8575568191403952,1.63e-05,542.0,0.0,0.38952477607557234,,0.005,0.181359177376048
2022-07-06,10.647925100000009,0.8683965467763208,3.47e-05,,0.0,0.3895798724158342,,,
2022-07-07,12.697351500000025,0.8880024918681855,0.000810653,454.0,0.0,0.39086701977958777,,0.005,0.15665157981644895
2022-07-08,13.476394200000016,0.9065699007102354,0.004437372,,0.0,0.39791263815365635,,,
2022-07-09,11.846888400000012,0.924036237729689,0.008757022,403.0,0.0,0.41181695699492626,,0.005,0.1419565159976549
2022-07-10,9.796431700000028,0.9304548775072955,0.011727413,408.0,0.0,0.4304376352957521,,0.005,0.14341088057446116
2022-07-11,11.199340900000038,0.938262169255131,0.009624171,454.0,0.043220338983050846,0.44571880532900127,0.006333333,0.005,0.15665157981644895
2022-07-12,11.361746900000014,0.9527467175079235,0.005968938,547.0,0.11779661016949153,0.45519623008547344,,0.005,0.1827410949413148
2022-07-13,11.910100600000021,0.96478606155324,0.006506368,673.0,0.18559322033898304,0.4655269812438736,0.038333333,0.005,0.21689874075964197
2022-07-14,10.598214100000007,0.9645989456701468,0.009097229,743.0,0.16610169491525423,0.4799714776249547,,0.005,0.23538619248127293
2022-07-15,11.145583299999998,0.9587579753195405,0.004543606,949.0,0.23389830508474577,0.4871857733653453,,0.15562462288816992,0.288160508422093
2022-07-16,11.6707222,0.9519612922744054,0.006106631,1160.0,0.35338983050847456,0.49688182579846507,,0.4244924987472989,0.34018169595287845
2022-07-17,10.603783899999996,0.9472821549346885,0.005792154,1230.0,0.23813559322033898,0.5060785545486882,,0.3115369458791184,0.35706446368553585
2022-07-18,6.412694700000031,0.9345455184375305,0.001810615,1370.0,0.17796610169491525,0.5089534323620345,0.108,0.3216888793324073,0.3903429168074973
2022-07-19,6.650641000000007,0.9174238753662872,0.000221968,1580.0,0.2966101694915254,0.5093058711071421,0.065,0.579444277565953,0.4391831804637001
2022-07-20,8.399627900000041,0.9062742402249259,0.005388261,1400.0,0.025423728813559324,0.5178613022735797,0.0215,0.1935678393096274,0.3973954789160916
2022-07-21,2.4287733000000458,0.8705858225581035,0.001712693,1300.0,0.0,0.5205807004376143,0.084,0.1811338148276187,0.3737813907969598
2022-07-22,5.236364800000047,0.8504034249643659,7.65e-05,1130.0,0.0,0.520702166432716,0.13275,0.1427914254089342,0.3328925830502314
2022-07-23,7.930982300000039,0.8383034288889026,0.000302404,1110.0,0.0,0.5211823207174575,0.057833333,0.14635540322033025,0.32801455696937554
2022-07-24,8.706766600000037,0.8271468806492152,0.000979804,987.0,0.0,0.5227380444803933,0.007666667,0.10400867678093606,0.2976661865957342
2022-07-25,9.334517900000037,0.8223692694872953,0.000178528,846.0,0.0,0.5230215095937725,0.0064,0.0415574367529814,0.2620525573887559
2022-07-26,9.158602400000007,0.8327050692937361,0.00189848,737.0,0.0,0.5260358986444994,0.005,0.005,0.23381378062669536
2022-07-27,8.651145000000042,0.8402351144063176,0.000561912,648.0,0.0,0.5269280973404414,0.011333333,0.005,0.2102165817603818
2022-07-28,9.600026900000046,0.8447535050834157,0.003157026,581.0,0.0,0.5319407941332757,0.0235,0.005,0.19208126997579839
2022-07-29,9.08121460000001,0.8697937864814029,0.002058464,,0.0,0.5352092043050527,,,
2022-07-30,9.70119950000003,0.8865997547330127,0.004415237,503.0,0.0,0.5422196769300812,,0.005,0.1705023722282923
2022-07-31,9.503249900000014,0.8925178863423721,0.002296307,,0.0,0.5458657320256879,,,
2022-08-01,11.014756500000033,0.9012053311394742,0.003254886,503.0,0.0,0.5510338100248051,,0.005,0.1705023722282923
2022-08-02,11.322451999999998,0.9086880622181616,0.005009857,528.0,0.0,0.5589884148067924,,0.005,0.17747796384660341
2022-08-03,11.738647300000025,0.9183995421699566,0.005038674,538.0,0.029661016949152543,0.5669887749558497,,0.005,0.1802520519737393
2022-08-04,11.36146100000002,0.9286013721834685,0.001810637,653.0,0.1059322033898305,0.5698636877005933,,0.005,0.21155653710212458
2022-08-05,11.65972400000004,0.9363542245053099,0.002175714,703.0,0.13983050847457626,0.5733182663419869,,0.005,0.22486085954989948
2022-08-06,12.229069800000048,0.9482029844497408,0.003479982,,0.0,0.5788437496957892,,,
2022-08-07,11.835281000000009,0.9562358251583448,0.000904233,732.0,0.02457627118644068,0.5802794825212633,,0.005,0.2325017418991669
2022-08-08,12.46514620000005,0.9673846220404246,0.000665074,698.0,0.0,0.5813354808902337,,0.005,0.2235379961801158
2022-08-09,13.528991100000042,0.976848387152423,0.002718363,698.0,0.0,0.5856516726136656,,0.005,0.2235379961801158
2022-08-10,13.695448700000043,0.9857805223558551,0.002940654,668.0,0.0,0.5903208159386288,,0.005,0.2155658013407713
2022-08-11,13.350647800000047,0.9918482115414323,0.005226025,673.0,0.0,0.5986186502791669,,0.005,0.21689874075964197
2022-08-12,13.137548600000002,0.9985335367154365,0.005320971,703.0,0.029661016949152543,0.6070672390036386,,0.005,0.22486085954989948
2022-08-13,12.049318700000015,1.0,0.008147507,,0.0,0.6200037755441975,,,
2022-08-14,11.424195200000042,0.9969703924371202,0.005586528,773.0,0.059322033898305086,0.6288740132263322,,0.005,0.24321566362553146
2022-08-15,11.323517600000002,0.9950440771240953,0.004037351,878.0,0.0,0.6352844819425373,,0.005,0.2702198956889158
2022-08-16,12.144472800000017,0.9938370387135722,0.004240239,1040.0,0.22627118644067798,0.6420170943556599,,0.005,0.31081908854213763
2022-08-17,12.026782000000026,0.9881826124832168,0.005175366,1110.0,0.19661016949152543,0.650234492802788,,0.005,0.32801455696937554
2022-08-18,11.240232700000035,0.9789409977495642,0.005728912,1100.0,0.05084745762711865,0.6593308064881457,,0.005,0.3255698411443852
2022-08-19,10.901838499999997,0.9697234983088685,0.003294592,1115.0,0.00423728813559322,0.6645619293081976,,0.005,0.3292354816788474
2022-08-20,11.009344800000008,0.9617127816980711,0.004591558,1085.0,0.0,0.6718523627923414,,0.005,0.32189552464743726
2022-08-21,10.847643800000014,0.957189588438944,0.005171849,1120.0,0.00423728813559322,0.6800641769792765,,0.005,0.33045545762485967
2022-08-22,10.670316500000013,0.9543519332178525,0.002400138,977.0,0.0,0.6838750939799473,,0.005,0.2951709418922707
2022-08-23,11.12728340000001,0.95361329316583,0.00261675,944.0,0.0,0.6880299455182777,,0.005,0.28690489775850175
2022-08-24,11.863415400000008,0.9525553723112729,0.004471762,891.5,0.0,0.6951301680174645,,0.005,0.27364993327711096
2022-08-25,11.845780700000034,0.9518740700222318,0.003780736,852.0,0.0,0.701133185801212,,0.005,0.2635879555269557
2022-08-26,11.895088200000032,0.9543389945898518,0.005060408,846.5,0.0,0.7091680549952043,,0.005,0.26218057916319404
2022-08-27,11.164051700000016,0.9553259844809564,0.007535117,878.0,0.022033898305084745,0.7211322443365435,,0.005,0.2702198956889158
2022-08-28,10.0100099,0.95156441395694,0.006809563,944.0,0.0826271186440678,0.7319444057221967,,0.005,0.28690489775850175
2022-08-29,9.582500500000037,0.9468023209429396,0.007003729,1040.0,0.13728813559322034,0.7430648620935348,,0.005,0.31081908854213763
2022-08-30,9.570324800000037,0.9426618707741498,0.004430184,1180.0,0.2,0.7500990674274364,,0.021381899977262808,0.34502292704617427
2022-08-31,8.25922300000002,0.9318662791644313,0.003630275,1370.0,0.2796610169491525,0.7558631846217851,,0.2356224376589484,0.3903429168074973
2022-09-01,8.788467700000012,0.9202919484458584,0.004609232,1480.0,0.2542372881355932,0.7631816807202744,,0.2618180097742675,0.41607618775741373
2022-09-02,4.959058700000014,0.8943698171540406,0.005638687,1450.0,0.06779661016949153,0.7721347359819973,,0.03936600607277363,0.4090919513126918
2022-09-03,3.954372200000023,0.8644803744405063,0.002986631,1530.0,0.0423728813559322,0.776876881163912,,0.06835655269126528,0.4276624171267143
2022-09-04,2.563307400000042,0.8321065363573149,0.002128754,1515.0,0.05508474576271186,0.7802568971500119,,0.11041257566718654,0.42419353709626684
2022-09-05,2.6852603000000386,0.8045356367608324,0.001025321,1490.0,0.0,0.7818848923861379,,0.04315627935583688,0.41839879316601425
2022-09-06,5.205916800000011,0.7880618518046472,0.004960584,1420.0,0.0,0.7897612619527442,,0.023606407339691327,0.4020826176178061
2022-09-07,2.553751900000009,0.7616509521150111,0.000871904,1310.0,0.0,0.7911456630899091,,0.005,0.37615660930279143
2022-09-08,3.0352071000000365,0.7419873696398738,0.000492091,1250.0,0.0,0.7919270006454068,,0.005,0.36185717082089947
2022-09-09,3.590921900000012,0.722423422580179,0.000389072,1160.0,0.0,0.7925447655819583,,0.005,0.34018169595287845
2022-09-10,4.720874600000002,0.7215268799998594,0.000660625,,0.0,0.7935936998697235,,,
2022-09-11,4.993997300000046,0.7254401058185391,0.000956269,987.0,0.0,0.7951120549765192,,0.005,0.2976661865957342
2022-09-12,6.936060600000019,0.7418994724892303,0.002575148,916.0,0.0,0.7992008512425853,,0.005,0.2798519559725369
2022-09-13,7.1805140000000165,0.7588199401081392,0.004845988,857.0,0.0,0.8068952663363201,,0.005,0.2648660223100861
2022-09-14,6.90497160000001,0.7652153081217737,0.00205805,820.0,0.0,0.8101630191627119,,0.005,0.2553771326514171
2022-09-15,6.999452500000018,0.7819492542048758,0.007224354,789.0,0.0,0.8216337818761325,,0.005,0.24736975882178536
2022-09-16,4.672460900000033,0.7881119986806405,0.005036798,758.0,0.0,0.8296311633296758,,0.005,0.23930764336261307
2022-09-17,6.291598300000032,0.7982775445263293,0.003349424,763.0,0.0,0.8349493478940861,,0.005,0.2406117937286059
2022-09-18,7.364385300000038,0.8082279144464053,0.005866258,862.0,0.08813559322033898,0.8442637382926885,,0.005,0.266142797080039
2022-09-19,6.739098200000001,0.814796603388295,0.005358813,862.0,0.08389830508474576,0.8527724121960707,,0.005,0.266142797080039
2022-09-20,4.285658000000012,0.804820291846552,0.002530391,1030.0,0.1423728813559322,0.8567901437099437,,0.020919950400374976,0.3083464788716838
2022-09-21,5.905196799999999,0.8000199035199848,0.003338872,1310.0,0.37966101694915255,0.862091573905984,,0.4652669142650945,0.37615660930279143
2022-09-22,4.553459900000007,0.7911686394466498,0.005214395,1470.0,0.3728813559322034,0.870370942239685,,0.5005055963321228,0.4137508601939307
2022-09-23,1.37977810000001,0.7700157690949692,0.000836622,1340.0,0.025423728813559324,0.871699322942351,,0.005,0.38326352899492305
2022-09-24,1.4304764999999975,0.75781269987527,0.001091392,1330.0,0.0,0.8734322251034751,,0.005,0.38089765072539183
2022-09-25,4.66144010000005,0.7516766637630481,0.004450717,1270.0,0.0,0.880499032545578,,0.005,0.3666366021787751
2022-09-26,0.7853468000000134,0.7269126759367756,0.00806856,1270.0,0.0,0.8933102177669829,,0.005,0.3666366021787751
2022-09-27,-4.1569385999999895,0.685899187009812,0.000717933,1210.0,0.0,0.8944501451690917,,0.005,0.35225822710493665
2022-09-28,-1.8200523999999518,0.662916841182782,0.001110123,1200.0,0.0,0.8962127882394216,,0.005,0.3498499535189854
2022-09-29,-0.711477699999989,0.6380111886670828,0.002362227,1150.0,0.0,0.8999635105036179,,0.005,0.3377556641515415
2022-09-30,-2.5643296999999734,0.6112193018276353,0.002715011,1140.0,0.0,0.9042743799523363,,0.005,0.33532597241727985
2022-10-01,-1.2327492999999663,0.6013855553418225,0.002017804,,0.0,0.9074782305507693,,,
2022-10-02,-0.40787419999998065,0.5944658672513486,0.002082818,1080.0,0.0,0.9107853097793398,,0.005,0.32066880025645944
2022-10-03,1.073179800000048,0.5809593899162947,0.002351737,1050.0,0.0,0.9145193761181948,,0.005,0.3132875800003578
2022-10-04,1.375482800000043,0.5831807054960478,0.00104195,1060.0,0.0,0.916173774727295,,0.005,0.31575199923008246
2022-10-05,3.1972350000000347,0.6108623592061904,0.003234185,1070.0,0.01694915254237288,0.9213089838693588,,0.005,0.31821239127295853
2022-10-06,1.7704037999999969,0.6243771020713618,0.00486735,1040.0,0.0,0.9290373173498564,,0.005,0.31081908854213763
2022-10-07,0.15253680000000713,0.6276293165947641,0.002522715,1030.0,0.0,0.9330428609816589,,0.005,0.3083464788716838
2022-10-08,0.5614070000000311,0.6393948208682128,0.003694783,1000.0,0.0,0.9389094033840081,,0.005,0.30090346599968665
2022-10-09,-0.4696940999999697,0.6422670171144536,0.003390035,949.0,0.0,0.9442920697200141,,0.005,0.288160508422093
2022-10-10,-1.6667799999999602,0.6375284025120883,0.001595086,933.0,0.0,0.9468247325731216,,0.005,0.2841384840252218
2022-10-11,-3.1835205999999516,0.6215058671696231,0.002052669,911.0,0.0,0.9500839414972959,,0.005,0.27858859693598
2022-10-12,-3.198656299999982,0.6042884690668338,0.001694937,911.0,0.0,0.9527751468481407,,0.005,0.27858859693598
2022-10-13,-3.051841999999965,0.5807664807468932,0.002191543,993.0,0.06949152542372881,0.9562548586298804,,0.005,0.2991612282307493
2022-10-14,-5.225104499999986,0.5544348697706407,0.001179767,1050.0,0.11779661016949153,0.9581280818016856,,0.005,0.3132875800003578
2022-10-15,-7.508294499999977,0.5255989337820723,0.000723548,,0.0,0.9592769246490559,,,
2022-10-16,-7.671794199999965,0.4946085551290136,0.000381763,1050.0,0.0,0.959883084422755,,0.005,0.3132875800003578
2022-10-17,-6.839798499999972,0.4706310107182787,0.000395381,998.0,0.0,0.9605108667313733,,0.005,0.3004059001458001
2022-10-18,-5.318607399999962,0.4568852621142466,0.002435562,938.0,0.0,0.9643780296328346,,0.005,0.28539664178574986
2022-10-19,-8.72888759999995,0.43601209031563,0.002065976,894.0,0.0,0.9676583672889935,,0.005,0.27428413379064553
2022-10-20,-8.407331199999987,0.4164062524998745,0.001224163,873.0,0.0,0.9696020820205182,,0.005,0.26894719683776624
2022-10-21,-8.847926599999994,0.39458936109933834,0.001559426,846.0,0.0,0.9720781242542096,,0.005,0.2620525573887559
2022-10-22,-9.102688199999989,0.3799938490739637,0.001700453,831.0,0.0,0.9747780878590282,,0.005,0.258205763289267
2022-10-23,-10.427432799999963,0.3690059964683884,0.001606131,804.0,0.0,0.9773282878613632,,0.005,0.25125097581772227
2022-10-24,-10.57834429999997,0.3580655267792612,0.000822079,783.0,0.0,0.9786335773226333,,0.005,0.24581370031816152
2022-10-25,-11.513105399999972,0.34047485373789876,0.001795408,753.0,0.0,0.9814843096015025,,0.005,0.2380020008160853
2022-10-26,-11.857047999999963,0.3158636794118623,0.001280165,722.0,0.0,0.9835169437926048,,0.005,0.22987298821068833
2022-10-27,-15.323215500000003,0.2910421411524266,7.82e-05,713.0,0.0,0.9836411090320419,,0.005,0.2275017095695898
2022-10-28,-13.932308199999966,0.2702457188228666,0.000685359,683.0,0.0,0.9847293157370992,,0.005,0.21955948745429776
2022-10-29,-18.131689599999987,0.23530094780290697,7.19e-06,683.0,0.0,0.984740731952848,,0.005,0.21955948745429776
2022-10-30,-17.70846739999999,0.2029081579834844,1.09e-05,653.0,0.0,0.9847580388724115,,0.005,0.21155653710212458
2022-10-31,-15.437022799999966,0.18405169046553077,4.5e-06,614.0,0.0,0.9847651839309469,,0.005,0.2010564624516712
2022-11-01,-13.105199299999981,0.17454042123390126,8.3e-06,571.0,0.0,0.9847783625944677,,0.005,0.18934424500976396
2022-11-02,-11.802568299999962,0.1734508614552562,0.000144718,552.0,0.0,0.9850081445013844,,0.005,0.1841208243999741
2022-11-03,-14.852881499999967,0.16217432244069666,7.01e-05,552.0,0.0,0.9851194486354579,,0.005,0.1841208243999741
2022-11-04,-14.624307999999985,0.16480506199658937,6.82e-05,542.0,0.0,0.9852277359670388,,0.005,0.181359177376048
2022-11-05,-13.801140699999962,0.16529878617424887,3.69e-06,503.0,0.0,0.9852335949150378,,0.005,0.1705023722282923
2022-11-06,-11.675292099999979,0.1896011441999051,0.000139036,485.0,0.0,0.9854543549947105,,0.005,0.1654427607001424
2022-11-07,-12.46302209999999,0.2093453885226246,0.000180698,449.0,0.0,0.9857412656140945,,0.005,0.15522405669492717
2022-11-08,-12.293181000000004,0.22117904173242503,0.000268756,458.0,0.0,0.9861679939144806,,0.005,0.15779163613672217
2022-11-09,-10.833419599999957,0.22973018865682343,9.08e-05,454.0,0.00423728813559322,0.9863121653178171,,0.005,0.15665157981644895
2022-11-10,-8.885100899999998,0.24071175187113597,0.000794744,437.0,0.0,0.9875740525179618,,0.005,0.15178667677723828
2022-11-11,-10.455891699999995,0.25726234689796906,0.001278451,437.0,0.0,0.9896039652356573,,0.005,0.15178667677723828
2022-11-12,-12.216597100000001,0.2663251489193865,0.00064065,412.0,0.0,0.9906211834024793,,0.005,0.14457214779300498
2022-11-13,-14.714070499999991,0.26288881358658034,0.000500576,403.0,0.0,0.9914159933627931,,0.005,0.1419565159976549
2022-11-14,-13.238995799999998,0.257002917130632,0.000107944,391.0,0.0,0.9915873858513585,,0.005,0.1384531760766861
2022-11-15,-13.967314799999997,0.2513406480756704,0.000267495,383.0,0.0,0.992012111947564,,0.005,0.13610727365449127
2022-11-16,-12.812365199999988,0.24938640032223464,0.00053562,375.0,0.0,0.99286256444817,,0.005,0.13375286057269045
2022-11-17,-14.30187589999997,0.23633087410983164,0.000190801,346.0,0.0,0.9931655165178613,,0.005,0.12514330777386828
2022-11-18,-17.560317699999985,0.20367671602495738,8.34e-06,338.0,0.0,0.9931787586930136,,0.005,0.12274658928654783
2022-11-19,-13.729059099999972,0.19135627168541575,0.00016329,319.0,0.0,0.9934380290504013,,0.005,0.11701436622891577
2022-11-20,-11.738093300000003,0.19315739540250984,0.000627746,300.0,0.0,0.9944347583649252,,0.005,0.11122261096109498
2022-11-21,-15.6720459,0.18955150509749508,0.000152881,300.0,0.0,0.994677501408025,,0.005,0.11122261096109498
2022-11-22,-13.082632899999965,0.19014006662545718,0.000532141,288.0,0.0,0.9955224299844877,,0.005,0.10753199995104784
2022-11-23,-16.512221499999953,0.18056084945902806,5.73e-05,263.0,0.0,0.9956134103965051,,0.005,0.09975567576512086
2022-11-24,-17.885836599999976,0.16146392762363504,1e-05,,0.0,0.9956292883043614,,,
2022-11-25,-16.518849899999964,0.1531190734101869,1.84e-06,,0.0,0.995632209839407,,,
2022-11-26,-14.27032109999999,0.16550286410405163,6.25e-05,227.0,0.0,0.9957314467635097,,0.005,0.08832637598239808
2022-11-27,-14.356479999999976,0.16314120540125654,3.82e-05,,0.0,0.9957921003715213,,,
2022-11-28,-15.744903499999964,0.14805927526587528,5.85e-07,220.0,0.0,0.9957930292291309,,0.005,0.08606873896456704
2022-11-29,-14.911208599999952,0.1509231231723703,5.28e-06,206.0,0.0,0.9958014127644792,,0.005,0.08151551294605544
2022-11-30,-13.581775599999958,0.14904431310819868,9.54e-05,159.0,0.0,0.9959528880054294,,0.005,0.06580632491743686
2022-12-01,-14.421347799999978,0.15691451645980892,5.72e-06,150.0,0.0,0.9959619701687232,,0.005,0.06271172090957823
2022-12-02,-13.298949899999968,0.17417989747244342,3.42e-06,163.0,0.003389830508474576,0.9959674004132101,,0.005,0.06717188152302075
2022-12-03,-11.451520499999958,0.1932537003652693,7.71e-05,121.0,0.0,0.9960898190827833,,0.005,0.05250710210765752
2022-12-04,-14.174016699999981,0.1936161972543233,1.74e-05,153.0,0.0,0.9961174466424534,,0.005,0.0637467416679828
2022-12-05,-14.6630361,0.19246229740581655,7.28e-06,150.0,0.02457627118644068,0.9961290057593729,,0.005,0.06271172090957823
2022-12-06,-14.951418899999965,0.19544903216572632,4.17e-06,147.0,0.0,0.996135626846949,,0.005,0.06167310510213316
2022-12-07,-14.8910123,0.19552505253364705,8.45e-06,153.0,0.002542372881355932,0.9961490436790877,,0.005,0.0637467416679828
2022-12-08,-14.427685399999973,0.192340985440967,3.79e-06,144.0,0.0,0.9961550614061653,,0.005,0.06063080799404839
2022-12-09,-13.62323459999999,0.19534514259383778,5.05e-06,135.0,0.0,0.9961630797496328,,0.005,0.057480906039340314
2022-12-10,-13.60646109999999,0.1941876476782444,4.55e-06,138.0,0.0,0.9961703041977075,,0.005,0.05853480503882103
2022-12-11,-14.518043599999999,0.18264502777757285,3.07e-06,132.0,0.0,0.9961751787154194,,0.005,0.05642293882999429
2022-12-12,-13.547842399999979,0.18500199418570754,2e-06,132.0,0.0,0.9961783542969906,,0.005,0.05642293882999429
2022-12-13,-14.534822899999995,0.18548459815952034,4.54e-06,129.0,0.0,0.9961855628671575,,0.005,0.0553607946904569
2022-12-14,-14.552610200000004,0.18698574362200862,1.97e-06,129.0,0.0,0.9961886908150053,,0.005,0.0553607946904569
2022-12-15,-14.34116339999997,0.189055415575728,4.06e-05,119.0,0.0,0.9962531551209023,,0.005,0.0517886355795217
2022-12-16,-17.347978299999966,0.1780632169703011,2.42e-05,119.0,0.0,0.9962915796579148,,0.005,0.0517886355795217
2022-12-17,-16.310963799999968,0.16794640534363006,0.00011137,107.0,0.0,0.9964684119177118,,0.005,0.04743227903521389
2022-12-18,-16.28536459999998,0.15786281430494584,8.71e-06,99.0,0.0,0.9964822415754547,,0.005,0.044481145107062144
2022-12-19,-15.65853999999996,0.15356990144761773,4.69e-05,,0.0,0.9965567089633014,,,
2022-12-20,-16.95448349999998,0.1407470522229355,2.69e-06,85.0,0.0,0.9965609801205149,,0.005,0.039213782672558116
2022-12-21,-15.514933499999984,0.13705784338690263,2.33e-06,85.0,0.0,0.9965646796730453,,0.005,0.039213782672558116
2022-12-22,-16.257845299999985,0.13063921226666644,1.03e-06,81.0,0.0,0.9965663150975547,,0.005,0.03768199330404425
2022-12-23,-16.040982199999974,0.12424096850048857,1.66e-06,85.0,0.0,0.9965689508302586,,0.005,0.039213782672558116
2022-12-24,-13.433616499999971,0.13897491601619713,0.000485242,81.0,0.0,0.9973394136066654,,0.005,0.03768199330404425
2022-12-25,-16.48531269999995,0.13831865385309783,0.000269763,87.0,0.001694915254237288,0.9977677408123728,,0.005,0.03997496600480877
2022-12-26,-16.362131199999965,0.13802969868922943,0.000198552,87.0,0.005084745762711864,0.9980829998484438,,0.005,0.03997496600480877
2022-12-27,-17.578576899999973,0.13080253769638917,0.000149057,83.0,0.0,0.9983196711795792,,0.005,0.03844948783052894
2022-12-28,-20.26503489999999,0.11834137721407104,0.000110518,87.0,0.0,0.998495150641627,,0.005,0.03997496600480877
2022-12-29,-19.080547199999984,0.10492014335748388,5.01e-05,77.0,0.0,0.9985746989599876,,0.005,0.0361370284007233
2022-12-30,-15.446521299999972,0.10797402693928129,0.000529898,92.0,0.00423728813559322,0.9994160661217181,,0.005,0.04186485128435752
2022-12-31,-16.675740099999985,0.10558475122547743,0.000367765,87.0,0.00847457627118644,1.0,,0.005,0.03997496600480877
2023-01-01,-17.76059479999998,0.08929768466617011,0.000260592,85.0,0.0,0.0003788703874978843,,0.005,0.039213782672558116
2023-01-02,-16.832921599999963,0.08798925904016044,0.000254341,,0.0,0.0007486525497538224,,,
2023-01-03,-16.926320599999997,0.0858656083831058,0.000377063,83.0,0.0,0.0012968581927555829,,0.005,0.03844948783052894
2023-01-04,-17.432221999999967,0.08641649905837932,0.000286931,92.0,0.0,0.0017140224155834344,,0.005,0.04186485128435752
2023-01-05,-21.76387699999998,0.08077474646521476,2.55e-06,85.0,0.001694915254237288,0.0017177298182977142,,0.005,0.039213782672558116
2023-01-06,-21.94768529999999,0.06998262646095546,8.76e-07,89.0,0.0,0.0017190034201713254,,0.005,0.040733121604167956
2023-01-07,-20.52326529999999,0.050873386316958376,2.15e-06,101.0,0.013559322033898305,0.0017221292695186595,,0.005,0.04522268343904188
2023-01-08,-17.579417799999987,0.0474718765732969,2.85e-08,98.0,0.007627118644067797,0.0017221707051960544,,0.005,0.044109404167878986
2023-01-09,-16.14263679999999,0.053561990229786346,7.86e-06,85.0,0.0,0.0017335982288565405,,0.005,0.039213782672558116
2023-01-10,-14.898974399999986,0.060841510621322765,6.49e-05,82.0,0.0,0.001827955262643505,,0.005,0.038066146219756625
2023-01-11,-15.012623399999995,0.06804480851416407,6.91e-06,90.0,0.00423728813559322,0.0018380015970574947,,0.005,0.04111108905942602
2023-01-12,-13.76230099999998,0.08185866276769692,0.000227491,87.0,0.00423728813559322,0.0021687469895571923,,0.005,0.03997496600480877
2023-01-13,-15.490542199999993,0.1054719592421485,8.31e-05,93.0,0.002542372881355932,0.002289564701540193,0.005,0.005,0.04224066457277478
2023-01-14,-15.665650999999968,0.12911800127844705,0.000146083,101.0,0.011864406779661017,0.0025019523527990708,0.015166667,0.005,0.04522268343904188
2023-01-15,-15.286371599999995,0.14883005674586575,4.42e-05,105.0,0.010169491525423728,0.002566213999846588,0.0085,0.005,0.04669819378622875
2023-01-16,-15.246007199999951,0.15761318693914492,0.000364441,104.0,0.002542372881355932,0.0030960687263543716,0.005,0.005,0.0463302440179185
2023-01-17,-16.780136999999968,0.15521358900518453,0.000429639,98.0,0.0,0.0037207137439074956,0.005,0.005,0.044109404167878986
2023-01-18,-18.88167389999998,0.1402224133290274,0.000414141,95.0,0.0,0.004322826476258302,0.005,0.005,0.042990200184614726
2023-01-19,-17.395206899999977,0.1312541927008798,0.000388734,95.0,0.0,0.004888000392624125,0.005,0.005,0.042990200184614726
2023-01-20,-14.638379199999974,0.12795656951784742,0.000580963,90.0,0.0,0.005732652864426534,,0.005,0.04111108905942602
2023-01-21,-17.284437999999966,0.12120421296106475,0.000600247,85.0,0.0,0.006605342024049403,,0.005,0.039213782672558116
2023-01-22,-18.66351309999999,0.10992003814596916,5.86e-06,87.0,0.0,0.006613861780875159,,0.005,0.03997496600480877
2023-01-23,-19.075454499999978,0.09565764968170698,9.14e-07,77.0,0.0,0.0066151906303186314,,0.005,0.0361370284007233
2023-01-24,-14.040533299999993,0.10019514265799648,8.6e-05,87.0,0.0,0.006740224604211989,,0.005,0.03997496600480877
2023-01-25,-11.593434399999978,0.11971827511038988,3.6e-05,80.0,0.002542372881355932,0.0067925644072371165,,0.005,0.037297017317739385
2023-01-26,-13.024840799999993,0.14176382836090048,2.74e-05,77.0,0.0,0.006832400812872906,,0.005,0.0361370284007233
2023-01-27,-14.019968699999993,0.1544684747458653,5.46e-06,75.0,0.0,0.006840339016331718,,0.005,0.035359356388571815
2023-01-28,-15.896191899999963,0.14973397465279994,1.57e-06,80.0,0.002542372881355932,0.006842621613296981,0.005,0.005,0.037297017317739385
2023-01-29,-13.635892299999966,0.16346737069515457,1.15e-06,87.0,0.010169491525423728,0.006844293579226949,0.005,0.005,0.03997496600480877
2023-01-30,-11.330373599999973,0.19106985049617084,1.43e-06,90.0,0.00847457627118644,0.006846372632513781,0.005,0.005,0.04111108905942602
2023-01-31,-9.338540499999965,0.22772031541767304,0.000273382,90.0,0.002542372881355932,0.007243838188919759,0.005,0.005,0.04111108905942602
2023-02-01,-12.466083999999967,0.2336466591072994,0.000195195,82.0,0.0,0.007527628962572249,0.005,0.005,0.038066146219756625
2023-02-02,-13.56598489999999,0.2262218330375465,1.09e-05,80.0,0.0,0.007543476291821522,0.005,0.005,0.037297017317739385
2023-02-03,-12.39161729999995,0.22860533315619008,6.96e-05,77.0,0.0,0.0076446665776701015,0.005,0.005,0.0361370284007233
2023-02-04,-11.976294199999984,0.23629787522580462,5.08e-05,75.0,0.0,0.007718523855272225,0.022,0.005,0.035359356388571815
2023-02-05,-12.107322699999997,0.2505594593074509,0.00010399,77.0,0.0,0.007869713191843973,0.005666667,0.005,0.0361370284007233
2023-02-06,-11.36968139999999,0.2590896448565042,9.22e-05,82.0,0.005932203389830509,0.008003761242924992,0.005,0.005,0.038066146219756625
2023-02-07,-11.50227689999997,0.2584425881128028,0.000866002,85.0,0.006779661016949152,0.009262827190129599,0.005,0.005,0.039213782672558116
2023-02-08,-15.187811699999997,0.23642549841354554,0.000119116,87.0,0.00423728813559322,0.009436007967272404,0.005,0.005,0.03997496600480877
2023-02-09,-13.214092599999958,0.23360993868329819,0.00022037,87.0,0.001694915254237288,0.009756400255957049,0.006,0.005,0.03997496600480877
2023-02-10,-11.174277899999993,0.2426125008406728,8.11e-05,90.0,0.002542372881355932,0.00987431020110532,0.005,0.005,0.04111108905942602
2023-02-11,-10.784190499999966,0.2486629742809519,0.000166393,95.0,0.006779661016949152,0.010116226224570873,0.005,0.005,0.042990200184614726
2023-02-12,-10.277272699999969,0.25505821695092196,0.001411314,98.0,0.006779661016949152,0.012168112245865422,0.005,0.005,0.044109404167878986
2023-02-13,-16.251550399999985,0.23945903717532085,0.000415901,95.0,0.0,0.012772783813030791,0.005,0.005,0.042990200184614726
2023-02-14,-13.57386329999997,0.2311623333730115,0.000161214,98.0,0.0,0.013007170174277813,0.005,0.005,0.044109404167878986
2023-02-15,-12.42234639999998,0.22769912368099876,0.000176734,98.0,0.002542372881355932,0.013264120806162334,0.005,0.005,0.044109404167878986
2023-02-16,-11.10032259999997,0.24308473516699663,0.000107968,98.0,0.0,0.01342109369096836,0.005,0.005,0.044109404167878986
2023-02-17,-9.402364299999988,0.2574323625928367,0.000507285,93.0,0.0,0.014158626940346176,0.005,0.005,0.04224066457277478
2023-02-18,-8.199992599999973,0.26862779258782177,0.000422027,87.0,0.0,0.01477220499732632,0.005,0.005,0.03997496600480877
2023-02-19,-7.742906599999969,0.28007541027174904,0.000399267,90.0,0.0,0.015352692667727244,0.005,0.005,0.04111108905942602
2023-02-20,-7.587741899999969,0.29019900325415593,0.000572214,95.0,0.006779661016949152,0.01618462511351113,0.005,0.005,0.042990200184614726
2023-02-21,-8.811297699999955,0.31820466506738165,0.000664785,101.0,0.009322033898305085,0.01715114500112388,0.005,0.005,0.04522268343904188
2023-02-22,-9.504640399999971,0.3335215212247045,0.000389963,107.0,0.010169491525423728,0.017718105740209645,0.005,0.005,0.04743227903521389
2023-02-23,-10.405654900000002,0.34111249728531684,0.001094389,112.0,0.009322033898305085,0.019309219759455907,0.005,0.005,0.0492572128070477
2023-02-24,-13.362072899999987,0.33259910176479074,9.61e-05,112.0,0.00423728813559322,0.019448937955864647,0.005,0.005,0.0492572128070477
2023-02-25,-10.820757700000001,0.32726016403240543,4.8e-05,101.0,0.0,0.019518724359898147,0.005,0.005,0.04522268343904188
2023-02-26,-8.871901899999955,0.32473104769943995,0.000414446,104.0,0.0,0.02012128052669125,0.005166667,0.005,0.0463302440179185
2023-02-27,-8.031084299999975,0.32364632550871203,0.001052971,98.0,0.0,0.021652177602557107,0.005,0.005,0.044109404167878986
2023-02-28,-11.399817799999994,0.30929738969074605,0.000838399,101.0,0.0,0.0228711120057922,0.005,0.005,0.04522268343904188
2023-03-01,-11.866633799999988,0.2977968784860204,0.000337946,101.0,0.002542372881355932,0.023362446091156903,0.005,0.005,0.04522268343904188
2023-03-02,-13.172835999999961,0.2839895187657837,6.38e-05,107.0,0.005084745762711864,0.02345520385318477,0.018,0.005,0.04743227903521389
2023-03-03,-9.826227700000004,0.28617052562978235,0.000127577,104.0,0.002542372881355932,0.023640685937921898,0.0055,0.005,0.0463302440179185
2023-03-04,-7.5041766999999595,0.3082200804673727,0.00020593,104.0,0.0,0.0239400841500598,0.005,0.005,0.0463302440179185
2023-03-05,-7.077576499999964,0.3223096915356668,0.000797916,104.0,0.0,0.025100160990909715,0.005,0.005,0.0463302440179185
2023-03-06,-7.142543999999987,0.32881912266042274,0.00141688,109.0,0.00423728813559322,0.027160139327305315,0.019166667,0.005,0.04816398931564446
2023-03-07,-8.360579099999995,0.32757887984743106,0.000664526,107.0,0.002542372881355932,0.02812628265911296,0.0054,0.005,0.04743227903521389
2023-03-08,-7.27583199999998,0.3431018676133365,0.000436507,107.0,0.0,0.02876091294797655,0.005,0.005,0.04743227903521389
2023-03-09,-6.731096799999989,0.36243240896058226,0.00224839,107.0,0.0,0.03202980988474501,0.005,0.005,0.04743227903521389
2023-03-10,-10.482996999999955,0.37255716203059897,0.000105129,104.0,0.0,0.03218265519452914,0.005,0.005,0.0463302440179185
2023-03-11,-11.406970000000001,0.36660713102323006,9.04e-05,109.0,0.001694915254237288,0.0323140862554589,0.005,0.005,0.04816398931564446
2023-03-12,-11.91835599999996,0.3499918334462081,4.42e-06,107.0,0.002542372881355932,0.032320512420163656,0.005,0.005,0.04743227903521389
2023-03-13,-10.106956299999979,0.33858902367569893,8.5e-05,112.0,0.002542372881355932,0.03244409251063965,0.005,0.005,0.0492572128070477
2023-03-14,-7.54274079999999,0.3370826533020777,0.000475076,114.0,0.005932203389830509,0.033134797629027574,0.005,0.005,0.04998320470118812
2023-03-15,-8.832863699999962,0.3353049391140645,0.000860877,112.0,0.0,0.034386412423718184,0.005,0.005,0.0492572128070477
2023-03-16,-8.025303099999974,0.3324838744255781,0.000359247,112.0,0.0,0.034908715679756175,0.005,0.005,0.0492572128070477
2023-03-17,-6.801595999999961,0.3322185102191577,0.001407973,112.0,0.0,0.036955744276553314,0.005,0.005,0.0492572128070477
2023-03-18,-6.798559299999965,0.34608700640586637,0.000749326,112.0,0.0,0.03804517692215348,0.005,0.005,0.0492572128070477
2023-03-19,-6.1569365999999945,0.36584852067654955,0.001242497,112.0,0.0,0.039851622706578785,0.005,0.005,0.0492572128070477
2023-03-20,-6.401080899999954,0.38661595248449476,0.000709632,114.0,0.001694915254237288,0.040883344903810084,0.019166667,0.005,0.04998320470118812
2023-03-21,-4.787634299999979,0.4066382741736023,0.002831481,120.0,0.006779661016949152,0.04499998817629311,0.021666667,0.005,0.05214812832833668
2023-03-22,-8.04623909999998,0.4047430693086743,0.003482987,125.0,0.009322033898305085,0.0500638452184897,0.007,0.005,0.053937906781722875
2023-03-23,-12.371117199999958,0.3914248212698057,0.000243521,122.0,0.001694915254237288,0.050417896362169756,0.005,0.005,0.05286556194652834
2023-03-24,-13.293086599999981,0.371596494309044,0.000180619,112.0,0.0,0.05068049533113074,0.019666667,0.005,0.0492572128070477
2023-03-25,-9.812800899999957,0.3602620962072527,0.000793769,128.0,0.005084745762711864,0.05183454291744885,0.007166667,0.005,0.055005798860589136
2023-03-26,-9.773072899999988,0.3490658068741712,0.001951683,135.0,0.019491525423728815,0.0546720624671013,0.005,0.005,0.057480906039340314
2023-03-27,-9.647026499999981,0.33592885019027335,0.001745645,137.0,0.007627118644067797,0.05721002678520679,0.0362,0.005,0.05818395089948176
2023-03-28,-11.232625299999995,0.3177425594878104,0.000810217,137.0,0.001694915254237288,0.0583879878459737,0.033,0.005,0.05818395089948176
2023-03-29,-13.37667399999998,0.28541277838527224,0.000667962,128.0,0.0,0.05935912672120342,,0.005,0.055005798860589136
2023-03-30,-13.418512599999985,0.2651911433312432,0.000171685,146.0,0.007627118644067797,0.05960873669571368,,0.005,0.06132608613579455
2023-03-31,-10.174185699999953,0.27346055609135317,0.000314984,149.0,0.017796610169491526,0.060066686710048854,,0.019719017641121273,0.062365919271898565
2023-04-01,-8.505586899999969,0.29148105928328366,0.002841397,149.0,0.002542372881355932,0.06419774669049846,,0.005,0.062365919271898565
2023-04-02,-9.367839599999968,0.29315592654790934,0.003788886,149.0,0.0,0.06970634521618348,,0.005,0.062365919271898565
2023-04-03,-12.48139219999996,0.2829616122609724,0.000451905,140.0,0.0,0.07036336240190764,,0.005,0.05923519561220281
2023-04-04,-13.465306099999964,0.26858932525707296,0.000437143,155.0,0.005084745762711864,0.07099891736062466,,0.005,0.06443479918262095
2023-04-05,-15.460854600000005,0.2526739572421436,0.000453408,155.0,0.012711864406779662,0.07165811973312514,,0.013447510351980885,0.06443479918262095
2023-04-06,-12.222977299999968,0.25701655700562137,0.000551091,146.0,0.0,0.07245934179948402,,0.005,0.06132608613579455
2023-04-07,-13.040921199999957,0.2584378389806251,0.001017589,132.0,0.0,0.07393879757227668,,0.005,0.05642293882999429
2023-04-08,-11.593093899999985,0.2530969635029396,0.000178424,149.0,0.002542372881355932,0.07419820526713655,,0.005,0.062365919271898565
2023-04-09,-11.897497699999974,0.24032956021764154,1.09e-05,146.0,0.011864406779661017,0.07421405259638583,,0.005,0.06132608613579455
2023-04-10,-10.847962800000005,0.23475826694945587,1.65e-05,146.0,0.0,0.07423804167277236,,0.005,0.06132608613579455
2023-04-11,-9.252420799999982,0.24691235427406744,0.000153473,152.0,0.005084745762711864,0.07446117352248555,,0.005,0.06340212902779936
2023-04-12,-8.479453899999953,0.2656794709559951,0.001098627,157.0,0.009322033898305085,0.0760584490996546,,0.008332535880871905,0.06512131928043802
2023-04-13,-10.056461599999977,0.2860220061851768,0.000159056,180.0,0.023728813559322035,0.07628969798048695,,0.07269460028400099,0.0729127282479836
2023-04-14,-10.150370599999974,0.293823451196853,1.03e-05,187.0,0.025423728813559324,0.07630467297968581,,0.08785241625607432,0.07524888726976187
2023-04-15,-7.401196099999993,0.31505179386727855,3.46e-05,,0.0,0.07635497734592663,,,
2023-04-16,-3.7930756999999744,0.34441163964861937,0.001402573,198.0,0.009322033898305085,0.07839415497226998,,0.0852069634879773,0.07888970395949
2023-04-17,-1.979422999999997,0.38174400685255966,0.000647434,208.0,0.0,0.07933544852870804,,0.08943832336852608,0.08216918036051714
2023-04-18,-1.4279911999999513,0.417201477123669,0.000130098,228.0,0.025423728813559324,0.07952459585354035,,0.15088183816601441,0.08864790266375754
2023-04-19,-0.46664769999995315,0.45027177730397544,0.000745626,274.0,0.05593220338983051,0.08060864913049627,,0.2489934051749123,0.10319236725146402
2023-04-20,-0.04010459999994964,0.482038112662381,0.000988674,373.0,0.1228813559322034,0.08204606586427583,,0.4315951369512976,0.13316290271397113
2023-04-21,0.5351694000000293,0.5219057956291808,0.001098312,418.0,0.12203389830508475,0.08364288346816841,,0.466936226289965,0.1463103938473923
2023-04-22,-0.9966688999999747,0.5563610062901505,0.001670786,422.0,0.04152542372881356,0.0860720115275334,,0.3733752096958374,0.1474668199737144
2023-04-23,-4.242304699999977,0.5682513073081665,0.002677507,401.0,0.0,0.08996479455471112,,0.30214857894695824,0.14137389589426483
2023-04-24,-8.278830599999992,0.5513665938754602,3.05e-05,410.0,0.0,0.09000913799894074,,0.3110870873632612,0.14399175968927763
2023-04-25,-5.163796899999966,0.5393803748414936,1.09e-05,377.0,0.0,0.09002498532819002,,0.2817516599846872,0.13434227322324954
2023-04-26,-2.8788319999999885,0.5339193026940878,0.00117409,349.0,0.0,0.09173197530968366,,0.25254264295512563,0.12603959130250378
2023-04-27,-2.2263547999999673,0.5272956349343983,0.001125104,296.0,0.0,0.09336774535809428,,0.19224982030357474,0.10999530136940214
2023-04-28,-3.434821999999997,0.5145176673989847,0.001514222,278.0,0.0,0.09556924761410297,,0.16804106994419898,0.10443610343212124
2023-04-29,-2.039746399999956,0.5048254937591927,0.000552416,293.0,0.0,0.09637239607598988,,0.1863249891186589,0.10907293258088606
2023-04-30,-1.2608891999999514,0.5038309489951435,0.002829849,315.0,0.03135593220338983,0.10048666661073578,,0.24435059027679262,0.11580013714218565
2023-05-01,-1.4731886999999801,0.5142541065604224,0.000581406,330.0,0.03135593220338983,0.10133196315289207,,0.2593803357319593,0.120340015566006
2023-05-02,-0.8504223999999567,0.542215184799041,0.003981417,326.0,0.009322033898305085,0.10712047930680572,,0.22089922160585518,0.11913294576833434
2023-05-03,-2.06235079999999,0.553889257456351,0.003942561,342.0,0.010169491525423728,0.11285250336665424,,0.23170421411715525,0.12394616343620589
2023-05-04,-2.2506651999999576,0.5562537237819499,0.006242539,338.0,0.010169491525423728,0.12192842730100624,,0.2168885291038447,0.12274658928654783
2023-05-05,-6.504110999999966,0.5401519328499526,0.000763453,323.0,0.0,0.12303839895764351,,0.18828105765715408,0.1182259586716141
2023-05-06,-8.695944699999984,0.5203486776333544,0.002333066,315.0,0.0,0.12643040492666077,,0.1764948132952573,0.11580013714218565
2023-05-07,-6.686597500000005,0.502857586181176,0.001223401,311.0,0.0,0.12820908735334807,,0.17071011260313007,0.11458323208065788
2023-05-08,-5.904568499999982,0.48537843361894156,0.001928143,300.0,0.0,0.13101238248735575,,0.15530822698031432,0.11122261096109498
2023-05-09,-5.221567599999958,0.47126925802316777,0.003903193,296.0,0.0,0.13668717006482947,,0.14444184152193396,0.10999530136940214
2023-05-10,-9.877452799999958,0.43729084751029546,0.003354817,274.0,0.0,0.14156468286942245,,0.11222945683970131,0.10319236725146402
2023-05-11,-13.016225499999962,0.39605965244716984,0.001151765,256.0,0.0,0.14323921490362343,,0.08701866711641282,0.09755574362401426
2023-05-12,-14.025287399999968,0.35173910305081685,0.000160619,242.0,0.0,0.14347273620423712,,0.06749236044895746,0.09312417050131562
2023-05-13,-12.656562099999974,0.32858082176972436,1.05e-05,222.0,0.0,0.14348800198011943,,0.03719687751103473,0.08671503226816062
2023-05-14,-9.25206499999996,0.32648754380226114,1.01e-05,211.0,0.0,0.14350268620263482,,0.019209713134537676,0.08314764397006878
2023-05-15,-4.042139099999986,0.336441480935276,0.000103804,208.0,0.0,0.14365360511689093,0.050666667,0.013825831393736276,0.08216918036051714
2023-05-16,-0.7576176999999689,0.3558149846704531,0.003999832,222.0,0.009322033898305085,0.14946889453393533,0.049666667,0.041260316802999686,0.08671503226816062
2023-05-17,-3.459661799999992,0.3624469284996673,0.00138656,274.0,0.05593220338983051,0.15148479112511645,0.053666667,0.17026033131758656,0.10319236725146402
2023-05-18,-2.4113062999999784,0.39055005649248364,0.00068319,315.0,0.0788135593220339,0.1524780697370258,0.085142857,0.24548837191514838,0.11580013714218565
2023-05-19,0.914876100000015,0.44298775395070106,0.001059746,334.0,0.05084745762711865,0.1540188168730443,0.122333333,0.22969442126851503,0.12154455154861207
2023-05-20,0.0756183999999962,0.4960646069848662,0.004228982,369.0,0.04576271186440678,0.1601672636751778,0.471,0.25057737370666855,0.13198133760469793
2023-05-21,-0.4969870999999557,0.5418341472106374,0.002789743,381.0,0.03983050847457627,0.16422322476158688,0.6165,0.2483082272946584,0.13551947642992626
2023-05-22,-4.508468199999982,0.5596893966377299,0.001636839,414.0,0.038135593220338986,0.16660299784058258,0.644333333,0.27247335926012184,0.14515204768124246
2023-05-23,-2.8074183999999605,0.5643369767337648,0.000255861,405.0,0.020338983050847456,0.16697498990563292,0.839666667,0.24250738387020343,0.14253863506762934
2023-05-24,0.5222436000000243,0.5691544693890391,0.000930897,385.0,0.0,0.1683284056172074,0.645,0.1978197329062028,0.13669453900907175
2023-05-25,1.827577500000018,0.5890560294209176,0.00458106,377.0,0.0,0.17498873278515983,0.486333333,0.18088036828597032,0.13434227322324954
2023-05-26,2.172686400000032,0.6063105172033683,0.006745302,401.0,0.013559322033898305,0.18479561550807633,0.378,0.20703615497133399,0.14137389589426483
2023-05-27,1.1316354000000501,0.6071264152508462,0.005994739,414.0,0.03135593220338983,0.19351126713160538,0.634166667,0.2303892568928103,0.14515204768124246
2023-05-28,-1.2639040999999906,0.6020843534232679,0.00126006,426.0,0.0211864406779661,0.19534324747048984,0.6495,0.22702447199649978,0.14862134739774163
2023-05-29,-0.5116203999999698,0.6020292725990626,0.000442553,510.0,0.08135593220338982,0.1959866679384948,1.1478,0.36429954946748033,0.1724614747696607
2023-05-30,3.0718853000000195,0.630562284192298,0.003036624,604.0,0.15084745762711865,0.20040156521686625,0.582428571,0.5008297801110664,0.19834574466994792
2023-05-31,3.303910700000017,0.653565779221966,0.001026995,689.0,0.15169491525423728,0.20189469621708264,0.997272727,0.5452140787649409,0.22115269043162575
2023-06-01,4.889396099999999,0.6700040644433513,0.001365504,739.0,0.11440677966101695,0.20387997983902775,1.545888889,0.522725607254674,0.23433816361735008
2023-06-02,6.181436800000029,0.6863923130761117,0.002805671,694.0,0.00423728813559322,0.20795909838050858,1.152,0.3630042039349264,0.2224785226259057
2023-06-03,4.667358900000011,0.6957824449959259,0.002957265,674.0,0.0,0.21225861692476142,,0.34054487854232907,0.21716512228602164
2023-06-04,3.864570100000037,0.7060694134702398,0.00522074,609.0,0.0,0.21984896423713365,0.646,0.2915150548541279,0.1997020681078187
2023-06-05,4.718768800000021,0.7285886370413088,0.003942216,559.0,0.0,0.22558048670720318,0.4095,0.2460923047589456,0.18604881378177826
2023-06-06,1.4930960000000368,0.7361345379392483,0.007538098,541.0,0.0,0.23654000238787268,0.0182,0.21858198973018705,0.18108252921257523
2023-06-07,1.6343063000000484,0.7307233841885439,0.004481901,532.0,0.0,0.24305616393004265,,0.20666025983684566,0.17858868262801067
2023-06-08,2.396250900000041,0.7273068855257687,0.00441028,537.0,0.0,0.24946819688797753,,0.20426251339187207,0.1799750479997764
2023-06-09,2.421655900000019,0.7180181287764044,0.005594769,510.0,0.0,0.25760233876106325,0.0572,0.17811514421376096,0.1724614747696607
2023-06-10,2.1141046000000188,0.7027083893538115,0.004742334,519.0,0.0,0.2644971395232677,0.081333333,0.1814823831332073,0.17497348963935228
2023-06-11,-0.13935699999996132,0.6846155549628972,0.00326898,537.0,0.02288135593220339,0.2692498553369643,,0.22163152301159883,0.1799750479997764
2023-06-12,3.4883270000000266,0.6831993480888806,0.001005885,545.0,0.022033898305084745,0.2707122948582402,,0.22489255305745592,0.18218859180485628
2023-06-13,1.8576886000000172,0.6724300304685643,0.005650297,559.0,0.01864406779661017,0.27892716796972533,,0.22336596095346772,0.18604881378177826
2023-06-14,2.5118014000000244,0.6762645129881845,0.003534799,577.0,0.02711864406779661,0.2840663536195424,,0.2395548501014284,0.19098744783662103
2023-06-15,4.560629800000015,0.6872794112183337,0.006735721,573.0,0.011864406779661017,0.29385930668543714,,0.20522907141262436,0.18989231036114781
2023-06-16,3.791529100000048,0.6925313416271713,0.00726816,573.0,0.0,0.30442636398419004,,0.17776969168097567,0.18989231036114781
2023-06-17,1.4097559000000501,0.6887224751368165,0.001617883,604.0,0.026271186440677965,0.30677857724912616,,0.2289089649692193,0.19834574466994792
2023-06-18,3.8517780000000243,0.6952632064189997,0.002207036,755.0,0.15423728813559323,0.309987350291053,,0.4665103208347272,0.23852443763710782
2023-06-19,5.4076370000000225,0.71614250236603,0.004263652,869.0,0.2245762711864407,0.3161862032312665,,0.5944613855801779,0.2679281278893463
2023-06-20,3.9261907000000065,0.7177906537389649,0.004374397,946.0,0.16186440677966102,0.32254606649053613,,0.5431616990101178,0.2874072800360055
2023-06-21,4.516095900000039,0.7277970955639328,0.003564505,946.0,0.06525423728813559,0.3277284412011494,0.038333333,0.4180787716776351,0.2874072800360055
2023-06-22,3.848369900000023,0.7328280383168866,0.00191169,913.0,0.0,0.3305078155912913,0.052333333,0.3205056562511337,0.279094084431854
2023-06-23,4.634214600000007,0.7331050169500711,0.001405406,974.0,0.023728813559322035,0.332551112069356,,0.3724065801142853,0.2944215067592749
2023-06-24,5.356600700000001,0.7389960622828571,0.000670752,1020.0,0.09067796610169492,0.33352630727932014,,0.4692333073017796,0.3058697040341143
2023-06-25,7.837116300000048,0.7631891225150879,0.001040857,1010.0,0.030508474576271188,0.33503959201146805,0.087,0.3832926546263895,0.30338871607316276
2023-06-26,9.734295700000018,0.7853313545009065,0.008591425,913.0,0.0,0.34753052235049997,0.110833333,0.2833501071877471,0.279094084431854
2023-06-27,6.802889500000049,0.7905831881730422,0.010919099,831.0,0.0,0.36340561931916276,0.2222,0.22551795021119814,0.258205763289267
2023-06-28,7.183970600000009,0.8028457128237606,0.006226122,908.0,0.0,0.37245767484945186,0.1005,0.24483394220993127,0.2778300047528229
2023-06-29,8.187179100000037,0.8166639416841075,0.00230822,1100.0,0.22796610169491524,0.3758135576310812,0.1514,0.5920349883415117,0.3255698411443852
2023-06-30,8.243893400000047,0.8332090174492205,0.006752022,1313.333333,0.34350282457627124,0.38563021045056245,0.3396,0.7826696072865431,0.37694764930162455
2023-07-01,9.058104600000036,0.849860866819728,0.007817963,1320.0,0.1864406779661017,0.39699661721383267,1.16325,0.567887154653866,0.3785286866441918
2023-07-02,5.10842150000002,0.8489267019432747,0.007583277,1385.0,0.060734463559322,0.4080218178934153,0.622166667,0.4231761449655371,0.39387250824795367
2023-07-03,5.602810099999999,0.8405166080462765,0.000154087,1505.0,0.15677966101694915,0.4082458424275468,0.921833333,0.5819944422612231,0.4218776440195827
2023-07-04,7.785504900000035,0.8331812152457705,0.004605396,1995.0,0.5169491525423728,0.41494155130234417,0.979,1.128502829691601,0.5325653630898338
2023-07-05,9.00136550000002,0.8414564416181882,0.005042308,1890.0,0.326271186440678,0.4222724792887892,0.760666667,0.8657953919507158,0.5092868136907915
2023-07-06,9.27930630000003,0.8493434402680297,0.007319104,1690.0,0.0,0.4329136032243564,0.258666667,0.4062348492876784,0.46431013229423923
2023-07-07,10.258023900000012,0.8571382533577082,0.003650409,1720.0,0.0,0.43822087233605495,0.2682,0.4014136919793674,0.4711130717367779
2023-07-08,11.129873300000042,0.8680012952916423,0.001765253,1690.0,0.0,0.44078734440020817,0.2445,0.3805038429127712,0.46431013229423923
2023-07-09,12.203945599999997,0.8798424736382028,0.003536192,1760.0,0.03389830508474576,0.4459285553096256,0.211666667,0.4208368798234061,0.48015177847866164
2023-07-10,12.228352099999995,0.9066424193601049,0.006803298,1680.0,0.0,0.45581975745521564,0.176833333,0.30827621120524684,0.4620378478046323
2023-07-11,12.742684499999996,0.9335174350212405,0.006510767,1930.0,0.1440677966101695,0.46528565363084046,0.226833333,0.48298885812712244,0.5181806219769949
2023-07-12,8.680608100000029,0.9368866697123064,0.011036019,2300.0,0.5254237288135594,0.4813307386486615,0.305666667,1.0065510442696204,0.5990278418287757
2023-07-13,6.115755000000036,0.9260250182273114,0.001401669,2200.0,0.2288135593220339,0.4833686019643955,0.633333333,0.6460248593743811,0.577415629121044
2023-07-14,5.726652600000023,0.9126525667698892,0.001544484,2500.0,0.1694915254237288,0.48561410164038055,0.769333333,0.652899590197813,0.6417731605823042
2023-07-15,7.18027440000003,0.9010676898687561,0.001557051,2600.0,0.3389830508474576,0.48787787226927154,0.893666667,0.8927361986261602,0.6629214062399883
2023-07-16,7.785858200000007,0.8884805695430014,0.00176455,2260.0,0.0,0.49044332225338233,0.25175,0.43207486902601433,0.590402905858941
2023-07-17,9.078380500000037,0.876715711184653,0.001385454,1950.0,0.0,0.49245761084950385,,0.3800144779425798,0.5226155155509753
2023-07-18,8.658317900000043,0.8632778382389064,0.002306468,1700.0,0.0,0.49581094642738605,,0.3318569787437946,0.4665800870990226
2023-07-19,8.791070700000034,0.8484036714381908,0.001317309,1520.0,0.0,0.4977261601380312,0.87225,0.29606759438328334,0.42535048916275864
2023-07-20,7.524911900000006,0.8440535454087308,0.000644385,1300.0,0.0,0.49866302080392966,0.411833333,0.2321485021239944,0.3737813907969598
2023-07-21,9.694758800000045,0.8575251805927144,0.000166469,1200.0,0.0,0.49890504732253493,0.311166667,0.18388374072017033,0.3498499535189854
2023-07-22,10.413227199999994,0.8751657942388145,0.00526663,1000.0,0.0,0.5065621133449301,0.227666667,0.07245015489128015,0.30090346599968665
2023-07-23,7.180186000000049,0.875165461494672,0.005587165,869.0,0.0,0.5146851998885101,0.1345,0.005,0.2679281278893463
2023-07-24,8.44334230000004,0.8776402803072338,0.00331928,814.0,0.0,0.5195110460381003,0.108333333,0.005,0.25383147398194605
2023-07-25,9.4036026,0.8788644403612044,0.00776213,808.0,0.0,0.5307962781285287,0.094166667,0.005,0.25228383896472145
2023-07-26,6.571458700000051,0.8710093478847057,0.002533406,729.0,0.0,0.5344795551013808,0.0906,0.005,0.2317137732729289
2023-07-27,8.124465500000042,0.8685001965766947,0.001072136,781.0,0.0,0.5360383158529405,0.077833333,0.005,0.24529455540952994
2023-07-28,9.540681500000005,0.8760877025374776,0.002565857,963.0,0.19830508474576272,0.5397687727965694,0.092166667,0.28138264820835923,0.29167014232774846
2023-07-29,10.600425700000017,0.8794966997771589,0.001825525,1100.0,0.27033898305084747,0.542422873322054,0.128833333,0.42649378244784675,0.3255698411443852
2023-07-30,11.756126400000028,0.8845514717534457,0.00722341,1210.0,0.2093220338983051,0.5529248693378799,0.156666667,0.3702400683033362,0.35225822710493665
2023-07-31,9.929638900000043,0.8949006159550658,0.005898536,1120.0,0.01694915254237288,0.5615006530150082,0.244333333,0.05607594779871805,0.33045545762485967
2023-08-01,9.781654500000002,0.89993812212387,0.004206616,1070.0,0.0,0.5676165822606289,0.1565,0.005,0.31821239127295853
2023-08-02,11.097778100000028,0.9063151240911894,0.004955477,1320.0,0.1694915254237288,0.5748212680960607,0.300333333,0.29705547997104853,0.3785286866441918
2023-08-03,9.883304400000043,0.9187811564144981,0.00271838,1240.0,0.1440677966101695,0.5787734757001565,0.1705,0.2032507991785928,0.359462492371216
2023-08-04,10.343002800000022,0.9271318950048455,0.007303356,1320.0,0.0,0.5893917038796669,0.1645,0.010687759615688464,0.3785286866441918
2023-08-05,6.054734499999995,0.9140105325031621,0.005105072,1380.0,0.11864406779661017,0.5968138834049194,0.2415,0.2129040035328691,0.3926967175722525
2023-08-06,8.033681600000023,0.9043491177469547,0.000662786,1890.0,0.4830508474576271,0.5977774969795808,0.478333333,0.846845738342457,0.5092868136907915
2023-08-07,10.502546600000016,0.8996305506027646,0.001829404,1910.0,0.4491525423728814,0.6004372371188413,1.59,0.8132697899944574,0.5137377540466529
2023-08-08,11.138386300000036,0.9041803652753249,0.008756177,1770.0,0.0,0.613167697658651,1.072833333,0.17562378128042688,0.48240586432268556
2023-08-09,11.46314480000001,0.910509619211017,0.006543819,2140.0,0.19491525423728814,0.6226816475889866,0.7566,0.4950961846969921,0.5643667959388812
2023-08-10,10.375192400000003,0.9077897531579092,0.005430736,2185.0,0.3516949152542373,0.6305773046034717,0.186,0.7058967067077067,0.5741592689831759
2023-08-11,9.105451800000026,0.9048618584029181,0.00166347,2220.0,0.06779661016949153,0.6329957960517553,0.200333333,0.34705820174705915,0.5817514641638328
2023-08-12,10.133915800000011,0.9040748394604644,0.00078912,2230.0,0.038135593220338986,0.6341430845340661,0.732833333,0.31079976436107337,0.5839168398225582
2023-08-13,11.634695000000022,0.9250782237533336,0.013087346,2230.0,0.00847457627118644,0.6531705598607794,0.2966,0.21297477391367314,0.5839168398225582
2023-08-14,9.574755700000026,0.9308789407200734,0.009989358,2355.0,0.1059322033898305,0.6676939218070982,1.1552,0.338865748788888,0.6108448385903564
2023-08-15,10.710154000000045,0.9316603903386225,0.011142401,2690.0,0.3898305084745763,0.6838936738506253,2.057666667,0.7549826902325294,0.6818344573538969
2023-08-16,6.494665600000019,0.914181081943724,0.006540769,2785.0,0.3644067796610169,0.6934031894365379,1.509333333,0.7655786000036495,0.7016796314503422
2023-08-17,8.840366000000017,0.9043087484296086,0.001944242,3096.666667,0.3446327686440678,0.6962298906396818,1.301833333,0.7996966783708968,0.7659875403561153
2023-08-18,11.240725999999995,0.907566680957839,0.006573207,3965.0,1.0,0.7057865672958868,2.019,1.7345096644077778,0.9396384801685246
2023-08-19,8.728030700000033,0.9061460400046392,0.002660184,4150.0,0.8926553669491526,0.7096541647006256,,1.6140884676279263,0.9757361192444945
2023-08-20,9.590442100000018,0.9041003647755461,0.001203048,4065.0,0.0847457627118644,0.7114032562381193,,0.570452597005997,0.9591861258122181
2023-08-21,8.161663900000008,0.8910276186773639,0.001051541,3625.0,0.0,0.7129320742606983,,0.4254650123852972,0.8725198086053344
2023-08-22,7.7975548,0.8843381029597646,0.000459167,3145.0,0.0,0.7135996495477993,,0.3691650762579801,0.7758573242309009
2023-08-23,8.100193200000035,0.8745140173463046,0.002912833,,0.0,0.7178345691440519,,,
2023-08-24,7.721779700000013,0.8791329656369777,0.003885611,,0.0,0.7234837945432815,,,
2023-08-25,3.964365299999997,0.8607793381311201,0.009318248,,0.0,0.7370314407893727,,,
2023-08-26,4.3020142000000305,0.8346615133843561,0.001967477,,0.0,0.739891922973719,,,
2023-08-27,5.9240778000000205,0.8241072271492107,0.001915541,2020.0,0.0,0.7426768962689009,0.01825,0.19925666016177734,0.5380762104494834
2023-08-28,7.565706200000022,0.8164859713716353,0.003984391,2020.0,0.0,0.7484697362720978,0.028833333,0.1983891614253106,0.5380762104494834
2023-08-29,8.120622200000014,0.8163314873753538,0.0031386,2020.0,0.0,0.7530328947658385,0.025833333,0.19430597239489522,0.5380762104494834
2023-08-30,9.19887570000003,0.8216061629542096,0.004915837,2070.0,0.0423728813559322,0.760179948662606,0.040166667,0.2529950853302938,0.5490626407901623
2023-08-31,5.407659100000046,0.8114712653283296,0.001882833,1990.0,0.0,0.7629173683389728,0.044333333,0.18148175220873908,0.5314617610557222
2023-09-01,5.096306600000048,0.8015887902696102,0.000111239,2040.0,0.0,0.763079096876437,0.052666667,0.19678133275683596,0.5424763760768617
2023-09-02,7.059068600000046,0.8132374825286882,0.001925823,2010.0,0.01694915254237288,0.7658790190009165,0.284333333,0.20530741865091873,0.5358732984820309
2023-09-03,7.121305100000029,0.8238495021309934,0.007006764,1870.0,0.0,0.776066036989904,0.0385,0.13543772579171653,0.5048277005826194
2023-09-04,6.440029900000013,0.8257915840208226,0.003353296,1750.0,0.0,0.7809413384378191,0.043333333,0.1007955133512648,0.47789547129291976
2023-09-05,7.642850699999997,0.8260819616282593,0.002656078,1610.0,0.0,0.7848029661972461,0.034166667,0.060564871814752674,0.44606523047582375
2023-09-06,7.970392800000013,0.8255164870482354,0.004849108,1480.0,0.0,0.7918530039074564,0.0272,0.017505619796865268,0.41607618775741373
2023-09-07,7.187827400000003,0.8179467524100741,0.005360297,1370.0,0.0,0.7996462508279057,0.0228,0.005,0.3903429168074973
2023-09-08,5.912193200000047,0.8198458561028613,0.001561866,1320.0,0.0,0.8019170219054514,0.017833333,0.005,0.3785286866441918
2023-09-09,6.701516100000049,0.825887983461839,0.003970943,1370.0,0.0,0.8076903100844517,0.022,0.005,0.3903429168074973
2023-09-10,3.9044446000000335,0.8140137452532515,0.004915795,1480.0,0.13559322033898305,0.8148373029181155,0.025,0.19604885275268824,0.41607618775741373
2023-09-11,1.1303801000000249,0.7914634601670476,0.001394619,1530.0,0.13559322033898305,0.8168649163557572,0.041166667,0.22079262288997104,0.4276624171267143
2023-09-12,1.419214199999999,0.7725647382834839,0.000364132,1550.0,0.059322033898305086,0.817394321832289,0.018333333,0.12601685673300755,0.432278438779475
2023-09-13,2.833978600000023,0.7544637877961899,0.000561944,1420.0,0.0,0.8182113228953766,0.022666667,0.010433741991966894,0.4020826176178061
2023-09-14,4.21480600000001,0.740327481131362,0.000190801,1420.0,0.0,0.8184887253052932,0.022833333,0.01412960532190155,0.4020826176178061
2023-09-15,4.856199000000004,0.731551059270783,0.00036405,1370.0,0.0,0.8190180115633847,0.032833333,0.005,0.3903429168074973
2023-09-16,5.858347200000026,0.7313483789416598,0.005414899,1390.0,0.0,0.826890643426189,0.02225,0.005,0.39504756329858626
2023-09-17,5.237526000000003,0.725837811855879,0.001131474,1320.0,0.0,0.8285356747119683,0.031,0.005,0.3785286866441918
2023-09-18,6.448696700000028,0.7354145650594616,0.006059191,1230.0,0.0,0.8373450320295133,0.034,0.005,0.35706446368553585
2023-09-19,5.219588400000021,0.7508066477414967,0.005724299,1130.0,0.0,0.8456674954216503,0.029833333,0.005,0.3328925830502314
2023-09-20,3.8753967000000102,0.7600519004526799,0.001515282,1120.0,0.0,0.8478705387940814,0.026,0.005,0.33045545762485967
2023-09-21,4.870678600000019,0.7677181899881141,0.002790834,1110.0,0.0,0.8519280860672988,,0.005,0.32801455696937554
2023-09-22,4.989877400000012,0.7706356161004697,0.004766241,1180.0,0.05084745762711865,0.8588576448203622,,0.005,0.34502292704617427
2023-09-23,3.89642740000005,0.7670229647657191,0.005622404,1280.0,0.1440677966101695,0.8670319647616869,,0.12667555637681982,0.36902141632943186
2023-09-24,2.8612737000000266,0.7557417582993875,0.006480154,1350.0,0.1440677966101695,0.876453353204256,,0.14500813243235555,0.38562634845640287
2023-09-25,1.3699951000000397,0.7411840857572172,0.004929264,1530.0,0.211864406779661,0.8836199283936683,,0.29263191074837547,0.4276624171267143
2023-09-26,0.37941399999999703,0.7183388564889879,0.001763445,1560.0,0.17796610169491525,0.8861837718366029,,0.25458375061882466,0.43458257206221174
2023-09-27,1.208582100000001,0.7032411319226546,0.002223142,1660.0,0.11016949152542373,0.8894159611248499,,0.18230214341553852,0.4574862244400433
2023-09-28,1.4833292000000142,0.6942372128165996,0.002378385,1650.0,0.07627118644067797,0.8928738556364586,,0.12950312900646388,0.45520685236560443
2023-09-29,2.228985200000011,0.6842936833482214,0.002491254,1590.0,0.0,0.8964958485155018,,0.005,0.44147969355039085
2023-09-30,4.075407299999995,0.6808515502122182,0.003872052,1510.0,0.0,0.9021253607094755,,0.005,0.4230359229063043
2023-10-01,3.5627633000000287,0.6795956138454581,0.002770267,1400.0,0.0,0.9061530059624479,,0.005,0.3973954789160916
2023-10-02,4.055549400000018,0.6840909559681729,0.001694088,1350.0,0.0,0.9086160124132043,,0.005,0.38562634845640287
2023-10-03,5.298944800000015,0.6988798134191266,0.00823589,1340.0,0.0,0.9205900363114436,,0.005,0.38326352899492305
2023-10-04,2.116113900000016,0.7054168803752615,0.010812051,1240.0,0.0,0.9363094979680442,,0.005,0.359462492371216
2023-10-05,-3.9279297999999585,0.6860826694322639,0.001546923,1300.0,0.0,0.9385585436656841,,0.005,0.3737813907969598
2023-10-06,-8.51846919999997,0.6484351600251627,0.00051305,1500.0,0.22033898305084745,0.9393044585529632,,0.2675897448753761,0.42071869784422844
2023-10-07,-4.215331599999956,0.6241782746483948,0.002356235,1590.0,0.2457627118644068,0.9427301495468772,,0.32687290787459,0.44147969355039085
2023-10-08,-5.938879199999974,0.5864837591086539,0.000815104,1720.0,0.1864406779661017,0.9439152157359049,0.00925,0.2722219062485536,0.4711130717367779
2023-10-09,-5.307373199999972,0.5530959088470427,0.001356157,1800.0,0.17796610169491525,0.9458869099095478,0.013,0.2773524004451646,0.4891549400947233
2023-10-10,-3.881986299999994,0.5232184370180811,0.004694744,1650.0,0.0,0.9527125203599198,0.0214,0.005,0.45520685236560443
2023-10-11,-8.882620099999997,0.46983797716196485,0.005334546,1530.0,0.0,0.9604683283284887,,0.005,0.4276624171267143
2023-10-12,-16.94081,0.398106305206283,0.000268653,1420.0,0.0,0.960858918470214,,0.005,0.4020826176178061
2023-10-13,-17.739192299999985,0.34611969098971407,3.54e-05,1270.0,0.0,0.9609103859431888,0.013,0.005,0.3666366021787751
2023-10-14,-15.5570242,0.3196260490487906,0.000117871,1200.0,0.0,0.9610817566354769,0.010666667,0.005,0.3498499535189854
2023-10-15,-10.1308492,0.29735960299706105,0.000733814,1150.0,0.0,0.962148636641507,0.011,0.005,0.3377556641515415
2023-10-16,-10.524659699999972,0.28009838580309604,0.001028972,1070.0,0.0,0.9636446419692394,0.012333333,0.005,0.31821239127295853
2023-10-17,-7.4870718999999895,0.27189383857757937,0.003116851,1030.0,0.0,0.9681761799525358,0.0135,0.005,0.3083464788716838
2023-10-18,-12.764572599999951,0.23845912634736313,0.00163288,974.0,0.0,0.9705501971070821,0.012666667,0.005,0.2944215067592749
2023-10-19,-13.51620319999995,0.22101797662914507,0.000955971,946.0,0.0,0.9719400674914637,0.022333333,0.005,0.2874072800360055
2023-10-20,-13.127106799999979,0.23537303772474694,0.001073549,897.0,0.0,0.973500882580292,0.017333333,0.005,0.27504476876324996
2023-10-21,-14.741741099999956,0.246655665881832,0.000289007,864.0,0.0,0.9739210650650943,0.0222,0.005,0.26665314719681915
2023-10-22,-14.53046569999998,0.25051970805105733,0.000205579,842.0,0.0,0.9742199529641526,0.0245,0.005,0.26102791020170446
2023-10-23,-11.269150499999967,0.24623505771258777,0.001600335,814.0,0.0,0.9765466534828809,0.017333333,0.005,0.25383147398194605
2023-10-24,-12.23788019999995,0.239786368955755,0.00207384,792.0,0.0,0.9795617750691483,0.015333333,0.005,0.24814701817248525
2023-10-25,-13.561419399999977,0.2169220754054819,0.000925161,776.0,0.0,0.980906851305441,0.016333333,0.005,0.24399568309941722
2023-10-26,-15.249417899999969,0.20756893379377514,0.000293168,765.0,0.0,0.9813330833991429,0.016,0.005,0.241133038638586
2023-10-27,-17.33867459999999,0.19318086854444186,0.000133107,765.0,0.0,0.9815266054591781,,0.005,0.241133038638586
2023-10-28,-20.09538009999997,0.1669517721238419,2.18e-05,755.0,0.0,0.9815583001176765,0.0185,0.005,0.23852443763710782
2023-10-29,-19.16561519999999,0.15029998260211117,3.72e-05,734.0,0.0,0.9816123845808025,,0.005,0.23302674324070913
2023-10-30,-18.691548299999965,0.13463735973548502,1.36e-05,709.0,0.0,0.9816321573952788,,0.005,0.2264461450887433
2023-10-31,-17.415662199999986,0.11150143479556532,7.95e-06,689.0,0.0,0.9816437157684468,,0.005,0.22115269043162575
2023-11-01,-13.567210699999976,0.10649773641029317,0.000336254,665.0,0.0,0.9821325898830693,0.032,0.005,0.21476520791046905
2023-11-02,-11.912065999999982,0.1127060246759449,0.000673054,650.0,0.0,0.9831111319326602,0.019166667,0.005,0.21075277821928023
2023-11-03,-12.220017799999994,0.12410891085715633,0.001451343,641.0,0.0,0.9852212154532685,0.016333333,0.005,0.2083376274023642
2023-11-04,-17.668471399999987,0.12286753129381384,0.001087237,641.0,0.0,0.9868019312983136,0.026333333,0.005,0.2083376274023642
2023-11-05,-22.771802999999977,0.11279327741711787,1.53e-05,622.0,0.0,0.9868241757145993,0.0175,0.005,0.20321952674121857
2023-11-06,-21.845885099999975,0.10270454314770688,7.61e-06,600.0,0.0,0.9868352397674056,0.0175,0.005,0.1972592843822548
2023-11-07,-18.99855229999997,0.10154895737045128,1.79e-05,573.0,0.0,0.9868612642805763,0.017333333,0.005,0.18989231036114781
2023-11-08,-19.048606699999965,0.09540243341881638,2.58e-05,550.0,0.0,0.9868987744727444,0.0176,0.005,0.183569193691777
2023-11-09,-18.22589769999999,0.07786679076306749,4.48e-05,532.0,0.0,0.9869639084498423,0.026833333,0.005,0.17858868262801067
2023-11-10,-16.267895499999952,0.061471126151693374,5.01e-05,523.0,0.0,0.9870367480090523,0.0198,0.005,0.1760875111503408
2023-11-11,-13.710694499999988,0.05586010872844712,0.00103304,510.0,0.0,0.9885386677345266,0.018666667,0.005,0.1724614747696607
2023-11-12,-20.171023699999978,0.04644031665825176,1.4e-05,501.0,0.0,0.9885590221023698,0.018,0.005,0.16994176284312396
2023-11-13,-18.608622199999985,0.06211083730496498,1.15e-05,483.0,0.0,0.9885757417616694,0.018857143,0.005,0.16487859130388144
2023-11-14,-15.645381699999973,0.0854499909995909,7.03e-05,466.0,0.0,0.9886779497659103,0.0205,0.005,0.16006659188088024
2023-11-15,-20.528090099999986,0.07969269751984855,3.44e-05,470.0,0.0,0.9887279633554675,0.019,0.005,0.16120152599724108
2023-11-16,-19.44634929999998,0.07819556493666176,2.97e-06,453.0,0.0,0.9887322813892171,0.0165,0.005,0.15636629415237327
2023-11-17,-17.761450199999985,0.07994377970025415,4.93e-06,440.0,0.0,0.9887394490344646,0.015833333,0.005,0.15264753910310863
2023-11-18,-17.274115999999964,0.0761562912682369,9.6e-06,440.0,0.0,0.9887534063152714,0.016,0.005,0.15264753910310863
2023-11-19,-16.223238600000002,0.06669888932335194,4.61e-06,414.0,0.0,0.9887601087178255,0.014166667,0.005,0.14515204768124246
2023-11-20,-13.881246499999975,0.09037407620829968,9.43e-05,393.0,0.0,0.9888972099240829,0.014833333,0.005,0.1390383459955644
2023-11-21,-16.800067999999953,0.0971816080675455,1.64e-05,385.0,0.0,0.9889210536121278,0.014166667,0.005,0.13669453900907175
2023-11-22,-19.032960599999967,0.08443051037444986,3.9e-06,385.0,0.0,0.9889267237574554,0.022333333,0.005,0.13669453900907175
2023-11-23,-19.179458299999965,0.08950686028140427,2.09e-06,385.0,0.0,0.9889297623737978,0.016666667,0.005,0.13669453900907175
2023-11-24,-15.401540899999986,0.10473181845381875,0.000151638,377.0,0.0,0.9891502263474401,0.0175,0.005,0.13434227322324954
2023-11-25,-19.74268809999998,0.09727429236751456,1.62e-05,377.0,0.0,0.9891737792588013,0.0135,0.005,0.13434227322324954
2023-11-26,-18.65231349999999,0.09208665497761331,1.79e-06,377.0,0.0,0.9891763817101185,0.0135,0.005,0.13434227322324954
2023-11-27,-13.970227299999976,0.10056715625536916,8.04e-05,338.0,0.0,0.9892932739368746,0.005666667,0.005,0.12274658928654783
2023-11-28,-10.573187700000005,0.11301893440681071,0.001164604,278.0,0.0,0.990986472380271,0.0165,0.005,0.10443610343212124
2023-11-29,-13.931561399999964,0.12381620554635216,0.000770476,361.0,0.019491525423728815,0.9921066546601485,0.0075,0.005,0.12961151115542496
2023-11-30,-15.450644699999998,0.137300307719863,0.000174939,326.0,0.04067796610169491,0.9923609955712988,0.0095,0.005,0.11913294576833434
2023-12-01,-15.46710349999995,0.15127388593710622,0.000341564,326.0,0.0,0.9928575898068677,0.005833333,0.005,0.11913294576833434
2023-12-02,-15.654713299999969,0.15032092628630805,0.000375953,315.0,0.0,0.993404181639276,0.005,0.005,0.11580013714218565
2023-12-03,-17.972859299999982,0.15698269287390082,0.000131614,315.0,0.0,0.9935955330513692,0.005,0.005,0.11580013714218565
2023-12-04,-16.787898600000005,0.16400048854217678,6.22e-05,293.0,0.0,0.9936859645999292,0.005,0.005,0.10907293258088606
2023-12-05,-20.386296399999964,0.13984992959881098,1.75e-05,311.0,0.0,0.9937114075597331,0.005,0.005,0.11458323208065788
2023-12-06,-20.837878499999988,0.10121287374153783,1.56e-05,270.0,0.0,0.993734088141044,0.005,0.005,0.10194547936777072
2023-12-07,-18.265837799999986,0.0848983365937007,4.09e-06,222.0,0.0,0.9937400345242211,0.005,0.005,0.08671503226816062
2023-12-08,-17.76132229999999,0.07620077509488285,7.24e-06,224.0,0.0,0.9937505606401628,0.005,0.005,0.08736031698070294
2023-12-09,-16.055125699999962,0.07398741601477134,0.000181298,156.0,0.0,0.9940141467959641,0.005,0.005,0.06477824995888988
2023-12-10,-16.512301199999968,0.07075939168939939,0.000336723,174.0,0.0,0.9945037027819094,0.005,0.005,0.07089775288652252
2023-12-11,-20.107611799999972,0.06272402528713492,0.000169442,180.0,0.020338983050847456,0.9947500516959145,0.005,0.005,0.0729127282479836
2023-12-12,-15.3448578,0.06815573765726539,0.00122716,182.0,0.006779661016949152,0.9965341992703677,0.005,0.005,0.07358178386712966
2023-12-13,-17.667323899999985,0.07839015137744185,0.00064303,191.0,0.009322033898305085,0.9974690899242357,0.005,0.005,0.07657700695873461
2023-12-14,-18.78137799999999,0.08613097146030399,0.000234499,182.0,0.0,0.9978100241317241,0.005,0.005,0.07358178386712966
2023-12-15,-18.045479699999987,0.08696041565732769,1.99e-05,171.0,0.0,0.9978389564117298,0.005,0.005,0.06988576461258601
2023-12-16,-18.068273199999965,0.0858050297524021,1.43e-06,156.0,0.0,0.9978410354650166,0.005,0.005,0.06477824995888988
2023-12-17,-16.591238499999974,0.0837870614956866,0.000242539,158.0,0.0,0.9981936588951809,0.005,0.005,0.06546400999657477
2023-12-18,-19.115208199999984,0.0739895269074759,0.000295756,141.0,0.0,0.9986236536391669,0.005,0.005,0.05958473942053115
2023-12-19,-22.948492399999964,0.06329624207652478,4.54e-07,124.0,0.0,0.9986243137022385,0.005,0.005,0.053580959473760986
2023-12-20,-20.86740759999998,0.042508955907400975,4.39e-07,117.0,0.0,0.9986249519570586,0.005,0.005,0.05106807259516891
2023-12-21,-18.031581699999975,0.04113786258961228,3.29e-05,108.0,0.0,0.9986727847214898,0.005,0.005,0.04779842780730893
2023-12-22,-21.065809499999972,0.03253909335365889,5.06e-06,117.0,0.0,0.9986801413715817,0.005,0.005,0.05106807259516891
2023-12-23,-20.614747299999976,0.022868179956688186,1.1e-05,117.0,0.007627118644067797,0.9986961340891727,0.005,0.005,0.05106807259516891
2023-12-24,-16.012725699999976,0.030605412877019105,0.000408978,110.0,0.0,0.9992907404214397,0.005,0.005,0.04852896987711689
2023-12-25,-17.530296099999987,0.027070730571303922,3.3e-05,110.0,0.0,0.9993387185742126,0.005,0.005,0.04852896987711689
2023-12-26,-18.768759999999986,0.028374787236610556,9.58e-06,106.0,0.0,0.9993526467773511,0.005,0.005,0.04706553655404631
2023-12-27,-17.26586009999997,0.049764635783382645,0.000138505,117.0,0.005932203389830509,0.9995540169000733,,0.005,0.05106807259516891
2023-12-28,-18.68245829999998,0.057988946655894276,0.000171028,122.0,0.013559322033898305,0.9998026716731783,,0.005,0.05286556194652834
2023-12-29,-21.235147099999978,0.04593048939557154,1.69e-06,134.0,0.01440677966101695,0.9998051287361536,,0.005,0.05712870758610469
2023-12-30,-20.37237129999997,0.048540642101483254,5.16e-06,131.0,0.007627118644067797,0.9998126307745873,,0.005,0.056069360410560896
2023-12-31,-17.643261999999964,0.05972553268924132,0.000128875,151.0,0.01440677966101695,1.0,,0.005,0.06305712312754998
2024-01-01,-18.62277899999998,0.04990109889893558,0.000147452,133.0,0.001694915254237288,0.00048029827404900564,,0.035153004533334364,0.05677605319136274
2024-01-02,-18.502983099999966,0.046239833042720724,0.00040465,150.0,0.0,0.0017983726073502167,,0.07243074942997607,0.06271172090957823
2024-01-03,-20.853763499999985,0.0383917255583618,1.93e-05,126.0,0.0,0.0018612388735869973,,0.013110991178863163,0.05429435939282172
2024-01-04,-20.059613799999966,0.02787582986685557,5.68e-05,126.0,0.0,0.002046254620853793,,0.012903625141919228,0.05429435939282172
2024-01-05,-20.687852299999975,0.020327378432367118,1.35e-05,120.0,0.0,0.002090228434024598,,0.005,0.05214812832833668
2024-01-06,-18.468782999999974,0.030740177642378935,0.000123712,120.0,0.0,0.0024931979432828693,,0.005,0.05214812832833668
2024-01-07,-20.148509299999972,0.031582810778325004,2.68e-05,120.0,0.0,0.002580494105725653,,0.005,0.05214812832833668
2024-01-08,-19.414514899999972,0.02491568377293508,4.12e-06,113.0,0.0,0.0025939142620414837,,0.005,0.04962048719984432
2024-01-09,-17.857007899999985,0.027798102867778677,1.03e-05,110.0,0.0,0.002627464652831061,,0.005,0.04852896987711689
2024-01-10,-18.696093599999983,0.02707122065373998,1.3e-05,88.0,0.0,0.0026698098062547995,,0.005,0.04035441719806724
2024-01-11,-19.079148299999986,0.03375100360517249,1.44e-06,107.0,0.0,0.002674500346326352,,0.005,0.04743227903521389
2024-01-12,-18.354471699999976,0.04016928466652582,3.91e-06,107.0,0.016101694915254237,0.002687236465548415,,0.005,0.04743227903521389
2024-01-13,-16.223706599999957,0.0569726594711431,5.36e-05,103.0,0.0,0.002861828790433982,,0.005,0.045961680394845966
2024-01-14,-14.397008900000003,0.07229911853407925,0.000169899,91.0,0.0,0.0034152441151678076,,0.005,0.04148832916283942
2024-01-15,-17.908272899999986,0.0807315341427692,5.51e-05,97.0,0.0,0.003594722419294576,0.005,0.005,0.043737005043912876
2024-01-16,-17.190161099999983,0.08910416646959365,0.000389908,100.0,0.007627118644067797,0.004864777348613267,0.005,0.005,0.044852235655767826
2024-01-17,-17.32608289999999,0.09110260746316189,0.000577575,110.0,0.011016949152542373,0.006746123655437551,0.005,0.005,0.04852896987711689
2024-01-18,-20.210954999999984,0.08540055703921466,4.16e-05,107.0,0.005932203389830509,0.006881628146393514,0.005,0.005,0.04743227903521389
2024-01-19,-20.190690599999982,0.08121662955716895,4.57e-05,103.0,0.0,0.007030487647275426,,0.005,0.045961680394845966
2024-01-20,-18.487649299999987,0.08071533921434264,7.91e-05,107.0,0.0,0.007288141619261403,,0.005,0.04743227903521389
2024-01-21,-19.231622699999974,0.06939332039915416,0.00011059,94.0,0.0,0.007648368582117651,,0.005,0.04261577796327063
2024-01-22,-19.617307299999965,0.049743730869147795,3.39e-06,83.0,0.0,0.007659410895202765,0.005,0.005,0.03844948783052894
2024-01-23,-18.107390699999968,0.048994236733311124,2.11e-05,83.0,0.0,0.007728140336528987,0.005,0.005,0.03844948783052894
2024-01-24,-16.780953099999977,0.05053452593064801,0.00046865,80.0,0.0,0.009254683117454756,0.005,0.005,0.037297017317739385
2024-01-25,-20.46058709999997,0.03873602013831992,0.000113699,83.0,0.0,0.009625037086618266,0.005,0.005,0.03844948783052894
2024-01-26,-18.286513599999978,0.045979759995135615,0.00022962,94.0,0.011864406779661017,0.01037298278886125,0.005,0.005,0.04261577796327063
2024-01-27,-18.98685009999997,0.05051110473293797,0.000144306,88.0,0.00423728813559322,0.010843033535781713,0.005,0.005,0.04035441719806724
2024-01-28,-18.217919599999988,0.051526387286336024,0.000152328,86.0,0.0,0.011339214499684112,0.005,0.005,0.039594757942094765
2024-01-29,-17.22690319999998,0.059072299852904964,0.000118802,75.0,0.0,0.011726190570226188,0.005,0.005,0.035359356388571815
2024-01-30,-15.257732999999973,0.07548206016863046,0.000812344,88.0,0.001694915254237288,0.014372254517368753,0.005,0.005,0.04035441719806724
2024-01-31,-16.05457839999997,0.08320899759373025,0.000579879,83.0,0.006779661016949152,0.016261105688307523,0.005,0.005,0.03844948783052894
2024-02-01,-16.721902699999987,0.08343126766962906,0.001040628,83.0,0.0,0.01965076355884891,0.005,0.005,0.03844948783052894
2024-02-02,-17.88508249999998,0.0931256575961979,0.001239113,88.0,0.00423728813559322,0.023686950489183428,0.005,0.005,0.04035441719806724
2024-02-03,-20.693036799999987,0.08406732616548161,0.000388688,91.0,0.006779661016949152,0.024953031488719277,0.005,0.005,0.04148832916283942
2024-02-04,-17.051674099999957,0.0913514718511612,0.000567689,94.0,0.005084745762711864,0.026802175935024555,0.005,0.005,0.04261577796327063
2024-02-05,-17.715425299999964,0.09324289758578366,0.000888333,91.0,0.0,0.029695760333206846,0.005,0.005,0.04148832916283942
2024-02-06,-18.767883599999976,0.08744253331277867,0.00086376,83.0,0.0,0.032509302619459786,0.005,0.005,0.03844948783052894
2024-02-07,-20.421413599999966,0.0680060573722352,0.00019003,77.0,0.0,0.033128291042930025,0.005,0.005,0.0361370284007233
2024-02-08,-19.18637419999999,0.05621774619795467,0.000746259,80.0,0.0,0.03555909503130276,,0.005,0.037297017317739385
2024-02-09,-24.626220699999976,0.02646530825022322,7.92e-06,77.0,0.0,0.035584893001696295,,0.005,0.0361370284007233
2024-02-10,-22.812193399999984,0.007919298168918103,1.92e-06,75.0,0.0,0.03559114705512503,,0.005,0.035359356388571815
2024-02-11,-20.832846699999976,0.007393043358037745,1.73e-06,69.0,0.0,0.035596782217849884,,0.005,0.03300424549802331
2024-02-12,-19.01578089999998,0.0,3.06e-06,67.0,0.0,0.035606749615501934,,0.005,0.03221143196609445
2024-02-13,-15.64059519999995,0.007809814053829304,0.000253554,67.0,0.0,0.03643265600251752,,0.005,0.03221143196609445
2024-02-14,-16.341436699999974,0.01694313976589143,0.000526528,72.0,0.00423728813559322,0.03814772592112476,,0.005,0.03418605512484325
2024-02-15,-19.166737099999978,0.021665834970047763,3.83e-06,75.0,0.006779661016949152,0.03816020145478729,,0.005,0.035359356388571815
2024-02-16,-14.958025399999997,0.03758165279182121,0.00010234,88.0,0.013559322033898305,0.038493555531816936,,0.005,0.04035441719806724
2024-02-17,-12.87529139999998,0.08181302035907112,0.000225401,86.0,0.009322033898305085,0.03922775860311417,0.005,0.005,0.039594757942094765
2024-02-18,-11.52640729999996,0.12429355449644025,0.000215724,77.0,0.0,0.039930440593666676,0.005,0.005,0.0361370284007233
2024-02-19,-9.3300433,0.1675909578123815,0.000372704,91.0,0.00423728813559322,0.04114445659840829,0.005,0.005,0.04148832916283942
2024-02-20,-10.249500999999952,0.2005878841452032,0.000841713,97.0,0.01694915254237288,0.04388618476177406,0.005,0.005,0.043737005043912876
2024-02-21,-12.080628699999977,0.21398786152304303,0.001183355,107.0,0.013559322033898305,0.04774075007175468,0.005,0.005,0.04743227903521389
2024-02-22,-13.2700423,0.22554881735743748,0.001597532,100.0,0.002542372881355932,0.052944422197857104,0.005,0.005,0.044852235655767826
2024-02-23,-16.035912399999972,0.2373334732394472,0.000690332,97.0,0.0,0.055193054078881434,0.005,0.005,0.043737005043912876
2024-02-24,-15.135595799999976,0.23666508511192585,0.001210865,97.0,0.0,0.05913722824814566,0.005,0.005,0.043737005043912876
2024-02-25,-17.42461339999997,0.21954110041024136,0.000549427,94.0,0.0,0.06092688752584907,0.005,0.005,0.04261577796327063
2024-02-26,-17.662958799999984,0.19644266640027247,5.73e-05,91.0,0.0,0.06111353193286293,0.005,0.005,0.04148832916283942
2024-02-27,-12.334577299999978,0.18513337805979213,0.000807845,88.0,0.0,0.06374494119960139,0.005,0.005,0.04035441719806724
2024-02-28,-14.784690399999988,0.1680625895104561,0.001023098,97.0,0.005084745762711864,0.06707749825941062,0.005,0.005,0.043737005043912876
2024-02-29,-15.99594499999995,0.15332504918610543,0.000313909,86.0,0.0,0.06810000016449463,0.005,0.005,0.039594757942094765
2024-03-01,-15.117524799999956,0.14637098832459045,7.83e-05,88.0,0.0,0.0683550482808853,0.005,0.005,0.04035441719806724
2024-03-02,-11.391686499999992,0.1638521983296784,5.55e-05,86.0,0.0,0.06853582951280973,0.005,0.005,0.039594757942094765
2024-03-03,-9.519191499999977,0.18499275978294005,0.000192317,88.0,0.0,0.06916226742596304,0.005,0.005,0.04035441719806724
2024-03-04,-10.599224499999991,0.21068402874711692,0.000327267,94.0,0.006779661016949152,0.0702282806048497,0.005,0.005,0.04261577796327063
2024-03-05,-13.085321599999986,0.22791459395719924,0.000248949,97.0,0.007627118644067797,0.07103918703559481,0.005,0.005,0.043737005043912876
2024-03-06,-12.713693399999954,0.22648757289855315,0.000445941,97.0,0.002542372881355932,0.07249175934812828,0.005,0.005,0.043737005043912876
2024-03-07,-11.147752199999957,0.240177277451841,0.000591216,97.0,0.0,0.07441753875017205,0.005,0.005,0.043737005043912876
2024-03-08,-12.152578500000004,0.2546439934040128,0.000529728,97.0,0.0,0.07614303209116052,0.005,0.005,0.043737005043912876
2024-03-09,-12.951094899999987,0.26279859588431015,0.000456011,97.0,0.0,0.07762840561099993,0.005,0.005,0.043737005043912876
2024-03-10,-15.551221099999964,0.24714179980425094,4.14e-05,97.0,0.0,0.07776325863805707,0.005,0.005,0.043737005043912876
2024-03-11,-9.131631099999993,0.24860060583305665,0.000974098,97.0,0.0,0.08093620704265374,0.005,0.005,0.043737005043912876
2024-03-12,-9.21773909999996,0.2538006191218942,0.000852309,97.0,0.0,0.08371244976337935,0.005,0.005,0.043737005043912876
2024-03-13,-10.807873900000004,0.2623731008177791,0.00086269,97.0,0.0,0.08652250671777358,0.005,0.005,0.043737005043912876
2024-03-14,-10.325910899999997,0.27136089086670273,0.00034539,97.0,0.0,0.08764755229785243,0.005,0.005,0.043737005043912876
2024-03-15,-10.959864299999992,0.27206811482781845,1.86e-05,97.0,0.0,0.08770813844044331,0.005,0.005,0.043737005043912876
2024-03-16,-9.823651299999995,0.2808343691716827,0.000124459,97.0,0.0,0.0881135411673637,0.005,0.005,0.043737005043912876
2024-03-17,-11.2576191,0.28720873741641734,0.000229198,97.0,0.0,0.08886011228078017,0.005,0.005,0.043737005043912876
2024-03-18,-11.225403900000003,0.3034914335093919,4.93e-05,97.0,0.0,0.08902069813184095,0.005,0.005,0.043737005043912876
2024-03-19,-7.790469299999984,0.30853966578349423,0.000624702,,0.0,0.09105555213446528,,,
2024-03-20,-8.865779199999963,0.30986446889551983,0.000328785,,0.0,0.09212650992434403,,,
2024-03-21,-7.0530460999999605,0.3239979186281746,4.81e-06,,0.0,0.09214217763111082,,,
2024-03-22,-4.550057699999968,0.3457386575417921,0.000634616,,0.0,0.09420932469919999,,,
2024-03-23,-5.78174329999996,0.3652294882166645,0.003042807,,0.0,0.10412071925718654,,,
2024-03-24,-8.7770084,0.369169129553929,0.000344257,,0.0,0.10524207429427854,,,
2024-03-25,-7.434332199999972,0.3835602644056171,0.003155914,,0.0,0.11552189448828805,,,
2024-03-26,-11.923955499999977,0.3809308644836646,0.000661884,,0.0,0.11767786214434327,,,
2024-03-27,-13.855816000000004,0.35810045061073736,2.27e-05,,0.0,0.1177518032968601,,,
2024-03-28,-11.644579399999998,0.34764084099993414,0.000237485,,0.0,0.11852536781692445,,,
2024-03-29,-8.322171499999968,0.3428637590668198,0.000739515,,0.0,0.12093420444262874,,,
2024-03-30,-7.161118099999953,0.33303553447757905,0.000437395,,0.0,0.12235893970276536,,,
2024-03-31,-6.298157299999957,0.3310917139619647,0.000789975,,0.0,0.12493214067014365,,,
2024-04-01,-7.136891099999957,0.33726523686365617,0.000956993,,0.0,0.12804937262479316,,,
2024-04-02,-7.7455761999999595,0.33609369141259976,0.001353408,,0.0,0.1324578548867097,,,
2024-04-03,-6.71319619999997,0.35570737506422095,0.001055218,,0.0,0.13589503704867048,,,
2024-04-04,-8.219186999999977,0.37692406378510546,0.001272351,,0.0,0.14003949076435104,,,
2024-04-05,-6.97407579999998,0.3945041849977967,0.00157608,,0.0,0.14517328687266529,,,
2024-04-06,-7.885109399999976,0.3961493190890054,0.00198439,,0.0,0.15163707910362934,,,
2024-04-07,-6.982137299999977,0.39682301606651,0.002069977,,0.0,0.15837965553813776,,,
2024-04-08,-7.022171599999979,0.394097772657272,0.00240005,,0.0,0.1661973851900334,,,
2024-04-09,-9.045740299999977,0.3869127229952294,0.001572783,,0.0,0.17132044191597554,,,
2024-04-10,-12.888325799999961,0.3675550328877817,0.000115163,,0.0,0.17169556460087845,,,
2024-04-11,-10.6989643,0.3525523067741184,0.000258328,245.0,0.0,0.172537021431159,0.048,0.03778845848964618,0.09407745314655643
2024-04-12,-9.874682499999949,0.34632089918949216,0.000994659,,0.0,0.17577694358187457,,,
2024-04-13,-9.355316999999957,0.3373577310778877,9.68e-05,,0.0,0.17609225210890672,,,
2024-04-14,-6.087416499999961,0.34412438020009256,9.76e-05,,0.0,0.17641016649153415,,,
2024-04-15,-4.397927299999992,0.3538515378965449,0.001357333,,0.0,0.18083143373246519,,,
2024-04-16,-2.126333699999975,0.3722798340913465,0.001727383,,0.0,0.18645807205220036,,,
2024-04-17,-3.801788799999997,0.3920184556403104,0.005282619,295.0,0.0,0.20366524990098156,,0.06761517554560514,0.10968802597091795
2024-04-18,-5.411671099999978,0.4201611372756348,0.000682555,366.0,0.0,0.20588854960830003,,0.1424144622679111,0.1310937067829809
2024-04-19,-5.054080199999987,0.4414088988038763,0.000866241,389.0,0.07966101694915254,0.20871017330421793,,0.2583615132167365,0.13786748703393478
2024-04-20,-4.568204999999978,0.46138287284436685,0.001235144,385.0,0.016101694915254237,0.2127334319334802,,0.17188309031647941,0.13669453900907175
2024-04-21,-5.239506799999958,0.47687508704679904,0.003672333,366.0,0.0,0.22469539380333078,,0.11972851020727715,0.1310937067829809
2024-04-22,-6.175269499999956,0.47654440185283015,0.001949256,354.0,0.0,0.23104474337118788,,0.10036996450431479,0.12753043790979418
2024-04-23,-6.267924599999958,0.46950559361780286,0.001661993,370.0,0.003389830508474576,0.23645838556920168,,0.11476461467948118,0.13227693614258837
2024-04-24,-7.881321899999989,0.4478433921083966,0.000579571,358.0,0.003389830508474576,0.23834623348573625,,0.10116696613278098,0.1287204871427979
2024-04-25,-4.558014499999956,0.4449969026056047,0.002291012,362.0,0.0,0.24580879153463056,,0.09258700892333493,0.12990823349046998
2024-04-26,-8.547472199999959,0.43319351518569355,0.000534547,350.0,0.0,0.24754998189826125,,0.07856917377187278,0.1263380552279648
2024-04-27,-5.6735716000000025,0.43086170370775784,0.00050974,350.0,0.0,0.24921036793720097,,0.07673019640693823,0.1263380552279648
2024-04-28,-3.3505794999999807,0.435444936205783,0.003494461,366.0,0.013559322033898305,0.260592943873991,,0.09710079316779652,0.1310937067829809
2024-04-29,-4.228192299999989,0.4392515988308052,0.001760063,358.0,0.006779661016949152,0.26632603139479444,,0.0739608421241309,0.1287204871427979
2024-04-30,-3.547609799999975,0.4491423044137542,0.004129997,354.0,0.0,0.2797787511336083,,0.04584170955186062,0.12753043790979418
2024-05-01,-4.173860300000001,0.4570245174198995,0.003367748,346.0,0.0,0.2907485823453381,,0.024828973262934095,0.12514330777386828
2024-05-02,-7.680142499999988,0.45778177157071454,0.004793937,358.0,0.003389830508474576,0.306363966789087,,0.024120413711640865,0.1287204871427979
2024-05-03,-13.032916299999954,0.42588161397108126,0.000336636,362.0,0.013559322033898305,0.3074604977943142,,0.040751980844625724,0.12990823349046998
2024-05-04,-7.223555499999975,0.4308649344124799,0.00123044,346.0,0.0,0.31146843399267615,,0.005,0.12514330777386828
2024-05-05,-5.378138399999955,0.43197696684218495,0.002320249,326.0,0.0,0.3190262262916204,,0.005,0.11913294576833434
2024-05-06,-5.292444199999977,0.4246676443946771,0.00222929,326.0,0.0,0.3262877360666978,,0.005,0.11913294576833434
2024-05-07,-5.136615899999981,0.4212482707321733,0.000402368,310.0,0.0,0.32759837719691337,,0.005,0.11427858298097422
2024-05-08,-2.5620777999999973,0.424957886119042,0.000720507,318.0,0.0,0.3299452986936732,,0.005,0.11671105766057212
2024-05-09,-2.81937819999996,0.43005625698817507,0.004452573,366.0,0.04745762711864407,0.34444875152562665,,0.04769978775413941,0.1310937067829809
2024-05-10,-6.694447699999955,0.43376648516629274,0.001006829,431.0,0.09576271186440678,0.3477283152545858,,0.16658267791527592,0.15006186843083624
2024-05-11,-6.762626299999965,0.4573683207881998,0.000505684,480.0,0.09661016949152543,0.34937548960565734,,0.20479310876941215,0.16403157697990312
2024-05-12,-5.569639699999982,0.46359378226511305,0.001029802,498.0,0.05677966101694915,0.35272988373535524,,0.16355262310171614,0.16910012050511944
2024-05-13,-1.155753500000003,0.47948715152590027,0.001023307,485.0,0.00423728813559322,0.35606312157493875,,0.0823215926370442,0.1654427607001424
2024-05-14,1.0585234000000128,0.5033926636051275,0.00525295,453.0,0.0,0.3731736580116484,,0.03183571337219604,0.15636629415237327
2024-05-15,1.6769226000000117,0.5290393267866605,0.003482971,444.0,0.0,0.38451880734745086,,0.01080647690699621,0.1537937750479967
2024-05-16,-0.2020081999999661,0.5379228034289627,0.006771787,494.0,0.03474576271186441,0.4065766811526722,,0.07228852621125803,0.16797656167444555
2024-05-17,-3.933339499999988,0.5337297706518875,0.003572786,573.0,0.10932203389830508,0.4182143866388402,,0.21337533297070266,0.18989231036114781
2024-05-18,-4.202197699999999,0.5431107841024132,0.000862822,558.0,0.05423728813559322,0.4210248735594077,,0.1281923919626098,0.18577364413684264
2024-05-19,-2.005876999999998,0.5610155405129175,0.000275856,554.0,0.0,0.4219234246857814,,0.052632566866511965,0.1846721087342825
2024-05-20,0.4882224000000406,0.5838177817975122,0.000491464,568.0,0.00847457627118644,0.4235242799536464,,0.07015495860569487,0.18852152238595898
2024-05-21,2.190612500000043,0.5964137510848562,0.000165817,642.0,0.07457627118644068,0.4240643989002052,,0.20140925154777456,0.2086062663835691
2024-05-22,3.788297400000033,0.6066888224504479,0.000107433,674.0,0.08983050847457627,0.42441434250541843,,0.238429779358023,0.21716512228602164
2024-05-23,4.015590599999996,0.6154917418864251,0.00301812,793.0,0.12796610169491526,0.4342453236170533,,0.33830470768013354,0.24840599112748007
2024-05-24,3.047851400000013,0.6277244539417649,0.001486376,838.0,0.13898305084745763,0.4390869251374658,,0.36748797024609203,0.26000241881724145
2024-05-25,4.39527030000005,0.65907395762638,0.00292332,804.0,0.009322033898305085,0.44860911236105677,,0.1717804560591718,0.25125097581772227
2024-05-26,5.641415600000016,0.696126046609859,0.002442352,743.0,0.0,0.4565646331421933,,0.11455737945889233,0.23538619248127293
2024-05-27,6.219457800000043,0.7270868155511285,0.006813567,793.0,0.0,0.4787585977558795,,0.10982275454956669,0.24840599112748007
2024-05-28,4.308641200000011,0.7414671546621493,0.011277541,855.0,0.09491525423728814,0.5154931519010718,,0.22317242863975606,0.26435495113435326
2024-05-29,2.694946400000049,0.7433655047873199,0.00461284,1020.0,0.1923728813559322,0.5305186455563916,,0.40615435114076437,0.3058697040341143
2024-05-30,3.231351000000018,0.7412691173183171,0.005810485,861.0,0.005084745762711864,0.5494452516172632,,0.07260914135379037,0.26588754506362555
2024-05-31,2.6782314000000156,0.7362351983120439,0.008085884,873.0,0.0,0.5757835591977671,,0.046250265308074745,0.26894719683776624
2024-06-01,2.1781840000000443,0.7329617058546727,0.004878732,1000.0,0.11779661016949153,0.5916751480480211,,0.24513696101548144,0.30090346599968665
2024-06-02,2.281833400000039,0.725006572948368,0.005881851,,0.0,0.610834215971911,,,
2024-06-03,-2.990108799999973,0.6925168762907524,0.002016193,,0.0,0.617401600734747,,,
2024-06-04,-0.34967389999997067,0.6677901783928787,0.00021091,1260.0,0.0,0.6180886019892547,,0.16522761238106431,0.36424853046164213
2024-06-05,1.495336400000042,0.6572006909140027,0.006139525,1160.0,0.0,0.6380869964564762,,0.11372020589104048,0.34018169595287845
2024-06-06,2.886629800000037,0.657922201418022,0.001032845,1040.0,0.0,0.6414513026093948,,0.06654883207940276,0.31081908854213763
2024-06-07,3.409315500000048,0.6585920729671108,0.005468257,1010.0,0.0,0.6592631627344279,,0.03734477895243815,0.30338871607316276
2024-06-08,4.4863152000000355,0.6653978342059425,0.005262311,995.0,0.0,0.6764041909389222,,0.01387378113186033,0.29965922707117215
2024-06-09,5.056506500000012,0.676232053119555,0.005434119,989.0,0.0,0.6941048526910646,,0.005,0.2981647084058334
2024-06-10,5.012811100000022,0.686511655301032,0.0042049,931.0,0.0,0.7078015554319476,,0.005,0.28363489389711355
2024-06-11,6.358825400000001,0.7217017355410886,0.004495711,948.0,0.0,0.7224455225122389,,0.005,0.2879094782214385
2024-06-12,6.337680000000034,0.746873430549345,0.006062887,1110.0,0.15169491525423728,0.7421942825280688,,0.1927543352638037,0.32801455696937554
2024-06-13,6.4116293000000155,0.7653787208780136,0.002102099,1280.0,0.28135593220338984,0.7490414905793679,,0.419756202094983,0.36902141632943186
2024-06-14,8.309148200000038,0.7857894814542496,0.007333012,1250.0,0.11864406779661017,0.7729274535176844,,0.15287668539969212,0.36185717082089947
2024-06-15,5.652428400000019,0.7942327244218282,0.002210694,1180.0,0.0,0.7801283901794488,,0.005,0.34502292704617427
2024-06-16,8.132634499999995,0.8079577401298077,0.005257824,1180.0,0.0,0.797254802791373,,0.005,0.34502292704617427
2024-06-17,7.610876900000051,0.8175725793634422,0.0041383,1100.0,0.0,0.8107345680539465,,0.005,0.3255698411443852
2024-06-18,7.0352464000000055,0.825185175512351,0.006382792,1040.0,0.0,0.8315253608625474,,0.005,0.31081908854213763
2024-06-19,7.398443900000018,0.8290983764881422,0.010478205,1010.0,0.0,0.8656562222725767,,0.005,0.30338871607316276
2024-06-20,4.825526000000025,0.8234065169181687,0.002748638,1030.0,0.0,0.8746094144122936,,0.005,0.3083464788716838
2024-06-21,4.9363169000000084,0.8178533318572287,0.005682168,1080.0,0.059322033898305086,0.8931180510076363,,0.005,0.32066880025645944
2024-06-22,7.471808400000043,0.8147015228788114,0.003848029,1040.0,0.00847457627118644,0.9056523108833283,,0.005,0.31081908854213763
2024-06-23,8.365576200000021,0.824914011997104,0.005523327,1050.0,0.0,0.9236435515929033,,0.005,0.3132875800003578
2024-06-24,8.714857300000006,0.8271055417064039,0.003023996,,0.0,0.9334936727138858,,,
2024-06-25,8.860954900000024,0.8318109278162269,0.006242965,1120.0,0.059322033898305086,0.9538290043095803,,0.005,0.33045545762485967
2024-06-26,9.793624899999998,0.8421936686368273,0.005480187,1070.0,0.0,0.9716797242561784,,0.005,0.31821239127295853
2024-06-27,8.498136400000021,0.8463329925946736,0.002506919,1260.0,0.11864406779661017,0.9798455603850926,,0.005,0.36424853046164213
2024-06-28,7.920983100000001,0.8579845222127399,0.004437392,1300.0,0.19491525423728814,0.9942995638498058,,0.038378661515208634,0.3737813907969598
2024-06-29,7.916744200000039,0.8692030711502922,0.001750039,,0.0,1.0,,,
